date,time,sym,position,unit
2023.07.24,0D00:00:00,BTC-4AUG23-28500-P,1,0
2023.07.24,0D00:00:00,ETH-4AUG23-1850-P,1,1
2023.07.24,0D00:00:00,BTC-29MAR24,1,2
2023.07.24,0D00:00:00,ETH-29MAR24,1,2
2023.07.24,0D01:00:00,BTC-4AUG23-28500-P,1,0
2023.07.24,0D01:00:00,ETH-4AUG23-1850-P,1,1
2023.07.24,0D01:00:00,BTC-28JUN24,1,2
2023.07.24,0D01:00:00,ETH-28JUN24,1,0
2023.07.24,0D02:00:00,BTC-4AUG23-28500-C,1,1
2023.07.24,0D02:00:00,ETH-4AUG23-1850-C,1,3
2023.07.24,0D02:00:00,BTC-4AUG23,1,1
2023.07.24,0D02:00:00,ETH-4AUG23,1,1
2023.07.24,0D03:00:00,BTC-4AUG23-29500-P,1,1
2023.07.24,0D03:00:00,ETH-4AUG23-1850-C,1,1
2023.07.24,0D03:00:00,BTC-25AUG23,1,1
2023.07.24,0D03:00:00,ETH-25AUG23,1,2
2023.07.24,0D04:00:00,BTC-4AUG23-29500-P,1,0
2023.07.24,0D04:00:00,ETH-4AUG23-1850-P,1,0
2023.07.24,0D04:00:00,BTC-29SEP23,1,1
2023.07.24,0D04:00:00,ETH-29SEP23,1,2
2023.07.24,0D05:00:00,BTC-11AUG23-25000-P,1,2
2023.07.24,0D05:00:00,ETH-11AUG23-1700-P,1,2
2023.07.24,0D05:00:00,BTC-29DEC23,1,2
2023.07.24,0D05:00:00,ETH-29DEC23,1,1
2023.07.24,0D06:00:00,BTC-11AUG23-29000-P,1,3
2023.07.24,0D06:00:00,ETH-11AUG23-1900-C,1,0
2023.07.24,0D06:00:00,BTC-29MAR24,1,0
2023.07.24,0D06:00:00,ETH-29MAR24,1,0
2023.07.24,0D07:00:00,ETH-11AUG23-1900-C,1,2
2023.07.24,0D07:00:00,BTC-11AUG23-23000-P,1,3
2023.07.24,0D07:00:00,BTC-28JUN24,1,1
2023.07.24,0D07:00:00,ETH-28JUN24,1,0
2023.07.24,0D08:00:00,BTC-25AUG23-28000-P,1,0
2023.07.24,0D08:00:00,ETH-25AUG23-1900-P,1,0
2023.07.24,0D08:00:00,BTC-4AUG23,1,2
2023.07.24,0D08:00:00,ETH-4AUG23,1,2
2023.07.24,0D09:00:00,BTC-25AUG23-28000-C,1,3
2023.07.24,0D09:00:00,ETH-25AUG23-2000-C,1,2
2023.07.24,0D09:00:00,BTC-25AUG23,1,2
2023.07.24,0D09:00:00,ETH-25AUG23,1,3
2023.07.24,0D10:00:00,BTC-25AUG23-28000-C,1,2
2023.07.24,0D10:00:00,ETH-4AUG23-1950-P,1,3
2023.07.24,0D10:00:00,BTC-29SEP23,1,0
2023.07.24,0D10:00:00,ETH-29SEP23,1,0
2023.07.24,0D11:00:00,BTC-25AUG23-29000-C,1,3
2023.07.24,0D11:00:00,ETH-4AUG23-1950-P,1,2
2023.07.24,0D11:00:00,BTC-29DEC23,1,2
2023.07.24,0D11:00:00,ETH-29DEC23,1,3
2023.07.24,0D12:00:00,BTC-25AUG23-31000-P,1,2
2023.07.24,0D12:00:00,ETH-25AUG23-2600-C,1,3
2023.07.24,0D12:00:00,BTC-29MAR24,1,1
2023.07.24,0D12:00:00,ETH-29MAR24,1,1
2023.07.24,0D13:00:00,BTC-25AUG23-32000-C,1,3
2023.07.24,0D13:00:00,ETH-25AUG23-2300-C,1,3
2023.07.24,0D13:00:00,BTC-28JUN24,1,0
2023.07.24,0D13:00:00,ETH-28JUN24,1,3
2023.07.24,0D14:00:00,BTC-25AUG23-33000-P,1,2
2023.07.24,0D14:00:00,ETH-25AUG23-2800-C,1,2
2023.07.24,0D14:00:00,BTC-4AUG23,1,2
2023.07.24,0D14:00:00,ETH-4AUG23,1,3
2023.07.24,0D15:00:00,BTC-29SEP23-24000-C,1,3
2023.07.24,0D15:00:00,ETH-29SEP23-3000-P,1,3
2023.07.24,0D15:00:00,BTC-25AUG23,1,3
2023.07.24,0D15:00:00,ETH-25AUG23,1,2
2023.07.24,0D16:00:00,BTC-29SEP23-24000-P,1,3
2023.07.24,0D16:00:00,ETH-29SEP23-2600-C,1,2
2023.07.24,0D16:00:00,BTC-29SEP23,1,0
2023.07.24,0D16:00:00,ETH-29SEP23,1,1
2023.07.24,0D17:00:00,BTC-29SEP23-25000-C,1,0
2023.07.24,0D17:00:00,ETH-29SEP23-2100-C,1,1
2023.07.24,0D17:00:00,BTC-29DEC23,1,3
2023.07.24,0D17:00:00,ETH-29DEC23,1,2
2023.07.24,0D18:00:00,BTC-29SEP23-26000-C,1,3
2023.07.24,0D18:00:00,ETH-29SEP23-2100-C,1,1
2023.07.24,0D18:00:00,BTC-29MAR24,1,1
2023.07.24,0D18:00:00,ETH-29MAR24,1,3
2023.07.24,0D19:00:00,BTC-29SEP23-26000-C,1,3
2023.07.24,0D19:00:00,ETH-29SEP23-2400-C,1,3
2023.07.24,0D19:00:00,BTC-28JUN24,1,1
2023.07.24,0D19:00:00,ETH-28JUN24,1,3
2023.07.24,0D20:00:00,BTC-29DEC23-26000-P,1,3
2023.07.24,0D20:00:00,ETH-29DEC23-2100-C,1,2
2023.07.24,0D20:00:00,BTC-4AUG23,1,2
2023.07.24,0D20:00:00,ETH-4AUG23,1,1
2023.07.24,0D21:00:00,BTC-29DEC23-27000-C,1,3
2023.07.24,0D21:00:00,ETH-29DEC23-2200-C,1,0
2023.07.24,0D21:00:00,BTC-25AUG23,1,0
2023.07.24,0D21:00:00,ETH-25AUG23,1,3
2023.07.24,0D22:00:00,BTC-29MAR24-23000-C,1,2
2023.07.24,0D22:00:00,ETH-29MAR24-3500-C,1,0
2023.07.24,0D22:00:00,BTC-29SEP23,1,3
2023.07.24,0D22:00:00,ETH-29SEP23,1,1
2023.07.24,0D23:00:00,BTC-28JUN24-24000-C,1,3
2023.07.24,0D23:00:00,ETH-28JUN24-1400-P,1,0
2023.07.24,0D23:00:00,BTC-29DEC23,1,3
2023.07.24,0D23:00:00,ETH-29DEC23,1,3
2023.07.25,0D00:00:00,BTC-25AUG23-29000-C,1,3
2023.07.25,0D00:00:00,ETH-25AUG23-1800-C,1,3
2023.07.25,0D00:00:00,BTC-29MAR24,1,0
2023.07.25,0D00:00:00,ETH-29MAR24,1,3
2023.07.25,0D01:00:00,BTC-25AUG23-29000-P,1,2
2023.07.25,0D01:00:00,ETH-25AUG23-1800-C,1,2
2023.07.25,0D01:00:00,BTC-28JUN24,1,0
2023.07.25,0D01:00:00,ETH-28JUN24,1,2
2023.07.25,0D02:00:00,BTC-25AUG23-29000-P,1,0
2023.07.25,0D02:00:00,ETH-25AUG23-1900-P,1,0
2023.07.25,0D02:00:00,BTC-4AUG23,1,1
2023.07.25,0D02:00:00,ETH-4AUG23,1,0
2023.07.25,0D03:00:00,BTC-25AUG23-29000-P,1,1
2023.07.25,0D03:00:00,ETH-25AUG23-1800-P,1,1
2023.07.25,0D03:00:00,BTC-25AUG23,1,2
2023.07.25,0D03:00:00,ETH-25AUG23,1,0
2023.07.25,0D04:00:00,BTC-25AUG23-30000-C,1,3
2023.07.25,0D04:00:00,ETH-25AUG23-1900-C,1,2
2023.07.25,0D04:00:00,BTC-29SEP23,1,3
2023.07.25,0D04:00:00,ETH-29SEP23,1,2
2023.07.25,0D05:00:00,BTC-11AUG23-25000-P,1,3
2023.07.25,0D05:00:00,ETH-11AUG23-1700-P,1,3
2023.07.25,0D05:00:00,BTC-29DEC23,1,0
2023.07.25,0D05:00:00,ETH-29DEC23,1,2
2023.07.25,0D06:00:00,BTC-11AUG23-29000-P,1,2
2023.07.25,0D06:00:00,ETH-11AUG23-1900-C,1,3
2023.07.25,0D06:00:00,BTC-29MAR24,1,2
2023.07.25,0D06:00:00,ETH-29MAR24,1,3
2023.07.25,0D07:00:00,ETH-11AUG23-1900-C,1,0
2023.07.25,0D07:00:00,BTC-11AUG23-23000-P,1,2
2023.07.25,0D07:00:00,BTC-28JUN24,1,3
2023.07.25,0D07:00:00,ETH-28JUN24,1,0
2023.07.25,0D08:00:00,BTC-25AUG23-28000-P,1,2
2023.07.25,0D08:00:00,ETH-25AUG23-1900-P,1,3
2023.07.25,0D08:00:00,BTC-4AUG23,1,2
2023.07.25,0D08:00:00,ETH-4AUG23,1,0
2023.07.25,0D09:00:00,BTC-25AUG23-28000-C,1,2
2023.07.25,0D09:00:00,ETH-25AUG23-2000-C,1,3
2023.07.25,0D09:00:00,BTC-25AUG23,1,3
2023.07.25,0D09:00:00,ETH-25AUG23,1,1
2023.07.25,0D10:00:00,BTC-25AUG23-28000-C,1,1
2023.07.25,0D10:00:00,ETH-4AUG23-1950-P,1,2
2023.07.25,0D10:00:00,BTC-29SEP23,1,1
2023.07.25,0D10:00:00,ETH-29SEP23,1,1
2023.07.25,0D11:00:00,BTC-25AUG23-29000-C,1,3
2023.07.25,0D11:00:00,ETH-4AUG23-1950-P,1,0
2023.07.25,0D11:00:00,BTC-29DEC23,1,3
2023.07.25,0D11:00:00,ETH-29DEC23,1,2
2023.07.25,0D12:00:00,BTC-25AUG23-31000-P,1,0
2023.07.25,0D12:00:00,ETH-25AUG23-2600-C,1,2
2023.07.25,0D12:00:00,BTC-29MAR24,1,2
2023.07.25,0D12:00:00,ETH-29MAR24,1,1
2023.07.25,0D13:00:00,BTC-25AUG23-32000-C,1,2
2023.07.25,0D13:00:00,ETH-25AUG23-2300-C,1,0
2023.07.25,0D13:00:00,BTC-28JUN24,1,3
2023.07.25,0D13:00:00,ETH-28JUN24,1,1
2023.07.25,0D14:00:00,BTC-25AUG23-33000-P,1,0
2023.07.25,0D14:00:00,ETH-25AUG23-2800-C,1,2
2023.07.25,0D14:00:00,BTC-4AUG23,1,1
2023.07.25,0D14:00:00,ETH-4AUG23,1,3
2023.07.25,0D15:00:00,BTC-29SEP23-24000-C,1,1
2023.07.25,0D15:00:00,ETH-29SEP23-3000-P,1,0
2023.07.25,0D15:00:00,BTC-25AUG23,1,1
2023.07.25,0D15:00:00,ETH-25AUG23,1,2
2023.07.25,0D16:00:00,BTC-29SEP23-24000-P,1,2
2023.07.25,0D16:00:00,ETH-29SEP23-2600-C,1,0
2023.07.25,0D16:00:00,BTC-29SEP23,1,2
2023.07.25,0D16:00:00,ETH-29SEP23,1,0
2023.07.25,0D17:00:00,BTC-29SEP23-25000-C,1,2
2023.07.25,0D17:00:00,ETH-29SEP23-2100-C,1,0
2023.07.25,0D17:00:00,BTC-29DEC23,1,0
2023.07.25,0D17:00:00,ETH-29DEC23,1,0
2023.07.25,0D18:00:00,BTC-29SEP23-26000-C,1,1
2023.07.25,0D18:00:00,ETH-29SEP23-2100-C,1,2
2023.07.25,0D18:00:00,BTC-29MAR24,1,3
2023.07.25,0D18:00:00,ETH-29MAR24,1,0
2023.07.25,0D19:00:00,BTC-29SEP23-26000-C,1,3
2023.07.25,0D19:00:00,ETH-29SEP23-2400-C,1,3
2023.07.25,0D19:00:00,BTC-28JUN24,1,0
2023.07.25,0D19:00:00,ETH-28JUN24,1,1
2023.07.25,0D20:00:00,BTC-29DEC23-26000-P,1,1
2023.07.25,0D20:00:00,ETH-29DEC23-2100-C,1,3
2023.07.25,0D20:00:00,BTC-4AUG23,1,2
2023.07.25,0D20:00:00,ETH-4AUG23,1,1
2023.07.25,0D21:00:00,BTC-29DEC23-27000-C,1,1
2023.07.25,0D21:00:00,ETH-29DEC23-2200-C,1,0
2023.07.25,0D21:00:00,BTC-25AUG23,1,0
2023.07.25,0D21:00:00,ETH-25AUG23,1,1
2023.07.25,0D22:00:00,BTC-29MAR24-23000-C,1,0
2023.07.25,0D22:00:00,ETH-29MAR24-3500-C,1,0
2023.07.25,0D22:00:00,BTC-29SEP23,1,1
2023.07.25,0D22:00:00,ETH-29SEP23,1,2
2023.07.25,0D23:00:00,BTC-28JUN24-24000-C,1,1
2023.07.25,0D23:00:00,ETH-28JUN24-1400-P,1,3
2023.07.25,0D23:00:00,BTC-29DEC23,1,1
2023.07.25,0D23:00:00,ETH-29DEC23,1,0
2023.07.26,0D00:00:00,BTC-28JUL23-31000-P,1,1
2023.07.26,0D00:00:00,ETH-28JUL23-1800-P,1,0
2023.07.26,0D00:00:00,BTC-29MAR24,1,1
2023.07.26,0D00:00:00,ETH-29MAR24,1,2
2023.07.26,0D01:00:00,ETH-28JUL23-1800-C,1,2
2023.07.26,0D01:00:00,BTC-28JUL23-29000-C,1,2
2023.07.26,0D01:00:00,BTC-28JUN24,1,0
2023.07.26,0D01:00:00,ETH-28JUN24,1,3
2023.07.26,0D02:00:00,ETH-28JUL23-1800-P,1,2
2023.07.26,0D02:00:00,BTC-28JUL23-31000-P,1,3
2023.07.26,0D02:00:00,BTC-4AUG23,1,1
2023.07.26,0D02:00:00,ETH-4AUG23,1,2
2023.07.26,0D03:00:00,ETH-28JUL23-1800-C,1,2
2023.07.26,0D03:00:00,BTC-28JUL23-29000-C,1,1
2023.07.26,0D03:00:00,BTC-25AUG23,1,2
2023.07.26,0D03:00:00,ETH-25AUG23,1,0
2023.07.26,0D04:00:00,ETH-28JUL23-1800-P,1,3
2023.07.26,0D04:00:00,BTC-28JUL23-29000-C,1,3
2023.07.26,0D04:00:00,BTC-29SEP23,1,3
2023.07.26,0D04:00:00,ETH-29SEP23,1,0
2023.07.26,0D05:00:00,BTC-11AUG23-25000-P,1,0
2023.07.26,0D05:00:00,ETH-11AUG23-1800-P,1,3
2023.07.26,0D05:00:00,BTC-29DEC23,1,0
2023.07.26,0D05:00:00,ETH-29DEC23,1,0
2023.07.26,0D06:00:00,BTC-11AUG23-29000-P,1,1
2023.07.26,0D06:00:00,ETH-11AUG23-1900-C,1,0
2023.07.26,0D06:00:00,BTC-29MAR24,1,0
2023.07.26,0D06:00:00,ETH-29MAR24,1,2
2023.07.26,0D07:00:00,ETH-11AUG23-1900-C,1,1
2023.07.26,0D07:00:00,BTC-11AUG23-23000-P,1,3
2023.07.26,0D07:00:00,BTC-28JUN24,1,0
2023.07.26,0D07:00:00,ETH-28JUN24,1,3
2023.07.26,0D08:00:00,BTC-25AUG23-28000-P,1,2
2023.07.26,0D08:00:00,ETH-25AUG23-1900-P,1,2
2023.07.26,0D08:00:00,BTC-4AUG23,1,0
2023.07.26,0D08:00:00,ETH-4AUG23,1,2
2023.07.26,0D09:00:00,BTC-25AUG23-28000-C,1,0
2023.07.26,0D09:00:00,ETH-25AUG23-2000-C,1,1
2023.07.26,0D09:00:00,BTC-25AUG23,1,0
2023.07.26,0D09:00:00,ETH-25AUG23,1,1
2023.07.26,0D10:00:00,BTC-25AUG23-28000-C,1,3
2023.07.26,0D10:00:00,ETH-4AUG23-1950-P,1,2
2023.07.26,0D10:00:00,BTC-29SEP23,1,0
2023.07.26,0D10:00:00,ETH-29SEP23,1,0
2023.07.26,0D11:00:00,BTC-25AUG23-29000-C,1,1
2023.07.26,0D11:00:00,ETH-4AUG23-1950-P,1,2
2023.07.26,0D11:00:00,BTC-29DEC23,1,1
2023.07.26,0D11:00:00,ETH-29DEC23,1,1
2023.07.26,0D12:00:00,BTC-25AUG23-31000-P,1,3
2023.07.26,0D12:00:00,ETH-25AUG23-2600-C,1,2
2023.07.26,0D12:00:00,BTC-29MAR24,1,0
2023.07.26,0D12:00:00,ETH-29MAR24,1,2
2023.07.26,0D13:00:00,BTC-25AUG23-32000-C,1,3
2023.07.26,0D13:00:00,ETH-25AUG23-2300-C,1,2
2023.07.26,0D13:00:00,BTC-28JUN24,1,2
2023.07.26,0D13:00:00,ETH-28JUN24,1,3
2023.07.26,0D14:00:00,BTC-25AUG23-33000-P,1,3
2023.07.26,0D14:00:00,ETH-25AUG23-2800-C,1,2
2023.07.26,0D14:00:00,BTC-4AUG23,1,3
2023.07.26,0D14:00:00,ETH-4AUG23,1,1
2023.07.26,0D15:00:00,BTC-29SEP23-24000-C,1,3
2023.07.26,0D15:00:00,ETH-29SEP23-3000-P,1,1
2023.07.26,0D15:00:00,BTC-25AUG23,1,2
2023.07.26,0D15:00:00,ETH-25AUG23,1,0
2023.07.26,0D16:00:00,BTC-29SEP23-24000-P,1,1
2023.07.26,0D16:00:00,ETH-29SEP23-2600-C,1,3
2023.07.26,0D16:00:00,BTC-29SEP23,1,3
2023.07.26,0D16:00:00,ETH-29SEP23,1,1
2023.07.26,0D17:00:00,BTC-29SEP23-25000-C,1,2
2023.07.26,0D17:00:00,ETH-29SEP23-2100-C,1,3
2023.07.26,0D17:00:00,BTC-29DEC23,1,2
2023.07.26,0D17:00:00,ETH-29DEC23,1,0
2023.07.26,0D18:00:00,BTC-29SEP23-28000-C,1,3
2023.07.26,0D18:00:00,ETH-29SEP23-2100-C,1,2
2023.07.26,0D18:00:00,BTC-29MAR24,1,3
2023.07.26,0D18:00:00,ETH-29MAR24,1,3
2023.07.26,0D19:00:00,BTC-29SEP23-26000-C,1,1
2023.07.26,0D19:00:00,ETH-29SEP23-2400-C,1,1
2023.07.26,0D19:00:00,BTC-28JUN24,1,2
2023.07.26,0D19:00:00,ETH-28JUN24,1,3
2023.07.26,0D20:00:00,BTC-29DEC23-26000-P,1,2
2023.07.26,0D20:00:00,ETH-29DEC23-2100-C,1,1
2023.07.26,0D20:00:00,BTC-4AUG23,1,2
2023.07.26,0D20:00:00,ETH-4AUG23,1,2
2023.07.26,0D21:00:00,BTC-29DEC23-27000-C,1,1
2023.07.26,0D21:00:00,ETH-29DEC23-2200-C,1,1
2023.07.26,0D21:00:00,BTC-25AUG23,1,2
2023.07.26,0D21:00:00,ETH-25AUG23,1,0
2023.07.26,0D22:00:00,BTC-29MAR24-23000-C,1,0
2023.07.26,0D22:00:00,ETH-29MAR24-3500-C,1,0
2023.07.26,0D22:00:00,BTC-29SEP23,1,3
2023.07.26,0D22:00:00,ETH-29SEP23,1,2
2023.07.26,0D23:00:00,BTC-28JUN24-24000-C,1,2
2023.07.26,0D23:00:00,ETH-28JUN24-1400-P,1,0
2023.07.26,0D23:00:00,BTC-29DEC23,1,2
2023.07.26,0D23:00:00,ETH-29DEC23,1,2
2023.07.28,0D18:00:00,BTC-28JUN24-24000-C,1,0
2023.07.28,0D18:00:00,ETH-28JUN24-1400-P,1,0
2023.07.28,0D18:00:00,BTC-29DEC23,1,1
2023.07.28,0D18:00:00,ETH-29DEC23,1,0
2023.07.28,0D19:00:00,BTC-29SEP23-26000-C,1,3
2023.07.28,0D19:00:00,ETH-29SEP23-2400-C,1,2
2023.07.28,0D19:00:00,BTC-28JUN24,1,0
2023.07.28,0D19:00:00,ETH-28JUN24,1,0
2023.07.28,0D20:00:00,BTC-29DEC23-26000-P,1,3
2023.07.28,0D20:00:00,ETH-29DEC23-2100-C,1,0
2023.07.28,0D20:00:00,BTC-4AUG23,1,0
2023.07.28,0D20:00:00,ETH-4AUG23,1,1
2023.07.28,0D21:00:00,BTC-29DEC23-27000-C,1,3
2023.07.28,0D21:00:00,ETH-29DEC23-2200-C,1,0
2023.07.28,0D21:00:00,BTC-25AUG23,1,2
2023.07.28,0D21:00:00,ETH-25AUG23,1,1
2023.07.28,0D22:00:00,BTC-29MAR24-23000-C,1,0
2023.07.28,0D22:00:00,ETH-29MAR24-3500-C,1,2
2023.07.28,0D22:00:00,BTC-29SEP23,1,0
2023.07.28,0D22:00:00,ETH-29SEP23,1,0
2023.07.29,0D00:00:00,BTC-11AUG23-25000-P,1,1
2023.07.29,0D00:00:00,ETH-11AUG23-1800-P,1,3
2023.07.29,0D00:00:00,BTC-29MAR24,1,1
2023.07.29,0D00:00:00,ETH-29MAR24,1,3
2023.07.29,0D01:00:00,BTC-11AUG23-29000-P,1,1
2023.07.29,0D01:00:00,ETH-11AUG23-1900-C,1,0
2023.07.29,0D01:00:00,BTC-28JUN24,1,3
2023.07.29,0D01:00:00,ETH-28JUN24,1,2
2023.07.29,0D02:00:00,ETH-11AUG23-1900-C,1,0
2023.07.29,0D02:00:00,BTC-11AUG23-23000-P,1,3
2023.07.29,0D02:00:00,BTC-25AUG23,1,2
2023.07.29,0D02:00:00,ETH-25AUG23,1,0
2023.07.29,0D03:00:00,BTC-29SEP23-26000-C,1,2
2023.07.29,0D03:00:00,ETH-29SEP23-2400-C,1,1
2023.07.29,0D03:00:00,BTC-29SEP23,1,0
2023.07.29,0D03:00:00,ETH-29SEP23,1,0
2023.07.29,0D04:00:00,BTC-29DEC23-26000-P,1,3
2023.07.29,0D04:00:00,ETH-29DEC23-2100-C,1,3
2023.07.29,0D04:00:00,BTC-29DEC23,1,1
2023.07.29,0D04:00:00,ETH-29DEC23,1,3
2023.07.29,0D05:00:00,BTC-29DEC23-27000-C,1,0
2023.07.29,0D05:00:00,ETH-29DEC23-2200-C,1,3
2023.07.29,0D05:00:00,BTC-29MAR24,1,0
2023.07.29,0D05:00:00,ETH-29MAR24,1,2
2023.07.29,0D06:00:00,BTC-29MAR24-23000-C,1,2
2023.07.29,0D06:00:00,ETH-29MAR24-3500-C,1,3
2023.07.29,0D06:00:00,BTC-28JUN24,1,3
2023.07.29,0D06:00:00,ETH-28JUN24,1,1
2023.07.29,0D07:00:00,BTC-28JUN24-24000-C,1,2
2023.07.29,0D07:00:00,ETH-28JUN24-1400-P,1,1
2023.07.29,0D07:00:00,BTC-25AUG23,1,3
2023.07.29,0D07:00:00,ETH-25AUG23,1,0
2023.07.29,0D08:00:00,BTC-25AUG23-28000-P,1,1
2023.07.29,0D08:00:00,ETH-25AUG23-1900-P,1,2
2023.07.29,0D08:00:00,BTC-29SEP23,1,2
2023.07.29,0D08:00:00,ETH-29SEP23,1,0
2023.07.29,0D09:00:00,BTC-25AUG23-28000-C,1,3
2023.07.29,0D09:00:00,ETH-25AUG23-2000-C,1,3
2023.07.29,0D09:00:00,BTC-29DEC23,1,2
2023.07.29,0D09:00:00,ETH-29DEC23,1,2
2023.07.29,0D10:00:00,BTC-25AUG23-28000-C,1,0
2023.07.29,0D10:00:00,ETH-4AUG23-1950-P,1,3
2023.07.29,0D10:00:00,BTC-29MAR24,1,1
2023.07.29,0D10:00:00,ETH-29MAR24,1,0
2023.07.29,0D11:00:00,BTC-25AUG23-29000-C,1,0
2023.07.29,0D11:00:00,ETH-4AUG23-1950-P,1,3
2023.07.29,0D11:00:00,BTC-28JUN24,1,2
2023.07.29,0D11:00:00,ETH-28JUN24,1,1
2023.07.29,0D12:00:00,BTC-25AUG23-31000-P,1,1
2023.07.29,0D12:00:00,ETH-25AUG23-2600-C,1,0
2023.07.29,0D12:00:00,BTC-25AUG23,1,3
2023.07.29,0D12:00:00,ETH-25AUG23,1,2
2023.07.29,0D13:00:00,BTC-25AUG23-32000-C,1,1
2023.07.29,0D13:00:00,ETH-25AUG23-2300-C,1,1
2023.07.29,0D13:00:00,BTC-29SEP23,1,2
2023.07.29,0D13:00:00,ETH-29SEP23,1,1
2023.07.29,0D14:00:00,BTC-25AUG23-33000-P,1,1
2023.07.29,0D14:00:00,ETH-25AUG23-2800-C,1,3
2023.07.29,0D14:00:00,BTC-29DEC23,1,1
2023.07.29,0D14:00:00,ETH-29DEC23,1,1
2023.07.29,0D15:00:00,BTC-29SEP23-24000-C,1,1
2023.07.29,0D15:00:00,ETH-29SEP23-3000-P,1,1
2023.07.29,0D15:00:00,BTC-29MAR24,1,0
2023.07.29,0D15:00:00,ETH-29MAR24,1,0
2023.07.29,0D16:00:00,BTC-29SEP23-24000-P,1,1
2023.07.29,0D16:00:00,ETH-29SEP23-2600-C,1,0
2023.07.29,0D16:00:00,BTC-28JUN24,1,3
2023.07.29,0D16:00:00,ETH-28JUN24,1,0
2023.07.29,0D17:00:00,BTC-29SEP23-25000-C,1,0
2023.07.29,0D17:00:00,ETH-29SEP23-2100-C,1,0
2023.07.29,0D17:00:00,BTC-25AUG23,1,3
2023.07.29,0D17:00:00,ETH-25AUG23,1,0
2023.07.29,0D18:00:00,BTC-29SEP23-24000-C,1,1
2023.07.29,0D18:00:00,ETH-29SEP23-2100-C,1,0
2023.07.29,0D18:00:00,BTC-29SEP23,1,2
2023.07.29,0D18:00:00,ETH-29SEP23,1,3
2023.07.29,0D19:00:00,BTC-29SEP23-26000-C,1,3
2023.07.29,0D19:00:00,ETH-29SEP23-2400-C,1,0
2023.07.29,0D19:00:00,BTC-29DEC23,1,3
2023.07.29,0D19:00:00,ETH-29DEC23,1,0
2023.07.29,0D20:00:00,BTC-29DEC23-26000-P,1,1
2023.07.29,0D20:00:00,ETH-29DEC23-2100-C,1,1
2023.07.29,0D20:00:00,BTC-29MAR24,1,3
2023.07.29,0D20:00:00,ETH-29MAR24,1,3
2023.07.29,0D21:00:00,BTC-29DEC23-27000-C,1,1
2023.07.29,0D21:00:00,ETH-29DEC23-2200-C,1,1
2023.07.29,0D21:00:00,BTC-28JUN24,1,1
2023.07.29,0D21:00:00,ETH-28JUN24,1,1
2023.07.29,0D22:00:00,BTC-29MAR24-23000-C,1,0
2023.07.29,0D22:00:00,ETH-29MAR24-3500-C,1,0
2023.07.29,0D22:00:00,BTC-25AUG23,1,0
2023.07.29,0D22:00:00,ETH-25AUG23,1,3
2023.07.29,0D23:00:00,BTC-28JUN24-24000-C,1,2
2023.07.29,0D23:00:00,ETH-28JUN24-1400-P,1,2
2023.07.29,0D23:00:00,BTC-29SEP23,1,1
2023.07.29,0D23:00:00,ETH-29SEP23,1,1
2023.07.30,0D00:00:00,BTC-29MAR24-23000-C,1,0
2023.07.30,0D00:00:00,ETH-29MAR24-3500-C,1,1
2023.07.30,0D00:00:00,BTC-29MAR24,1,3
2023.07.30,0D00:00:00,ETH-29MAR24,1,1
2023.07.30,0D01:00:00,BTC-25AUG23-28000-P,1,1
2023.07.30,0D01:00:00,ETH-25AUG23-1900-P,1,2
2023.07.30,0D01:00:00,BTC-28JUN24,1,3
2023.07.30,0D01:00:00,ETH-28JUN24,1,0
2023.07.30,0D02:00:00,BTC-29DEC23-26000-P,1,2
2023.07.30,0D02:00:00,ETH-29DEC23-2100-C,1,1
2023.07.30,0D02:00:00,BTC-25AUG23,1,1
2023.07.30,0D02:00:00,ETH-25AUG23,1,2
2023.07.30,0D03:00:00,BTC-27OCT23-26000-C,1,2
2023.07.30,0D03:00:00,ETH-29SEP23-2400-C,1,2
2023.07.30,0D03:00:00,BTC-29SEP23,1,2
2023.07.30,0D03:00:00,ETH-29SEP23,1,0
2023.07.30,0D04:00:00,BTC-29DEC23-26000-P,1,2
2023.07.30,0D04:00:00,ETH-29DEC23-2100-C,1,1
2023.07.30,0D04:00:00,BTC-29DEC23,1,1
2023.07.30,0D04:00:00,ETH-29DEC23,1,1
2023.07.30,0D05:00:00,BTC-29DEC23-27000-C,1,1
2023.07.30,0D05:00:00,ETH-29DEC23-2200-C,1,3
2023.07.30,0D05:00:00,BTC-29MAR24,1,2
2023.07.30,0D05:00:00,ETH-29MAR24,1,2
2023.07.30,0D06:00:00,BTC-29MAR24-23000-C,1,3
2023.07.30,0D06:00:00,ETH-29MAR24-3500-C,1,0
2023.07.30,0D06:00:00,BTC-28JUN24,1,2
2023.07.30,0D06:00:00,ETH-28JUN24,1,1
2023.07.30,0D07:00:00,BTC-28JUN24-24000-C,1,3
2023.07.30,0D07:00:00,ETH-28JUN24-1400-P,1,3
2023.07.30,0D07:00:00,BTC-25AUG23,1,1
2023.07.30,0D07:00:00,ETH-25AUG23,1,2
2023.07.30,0D08:00:00,BTC-25AUG23-28000-P,1,1
2023.07.30,0D08:00:00,ETH-25AUG23-1900-P,1,0
2023.07.30,0D08:00:00,BTC-29SEP23,1,3
2023.07.30,0D08:00:00,ETH-29SEP23,1,1
2023.07.30,0D09:00:00,BTC-25AUG23-28000-C,1,1
2023.07.30,0D09:00:00,ETH-25AUG23-1950-C,1,1
2023.07.30,0D09:00:00,BTC-29DEC23,1,1
2023.07.30,0D09:00:00,ETH-29DEC23,1,2
2023.07.30,0D10:00:00,BTC-25AUG23-28000-P,1,2
2023.07.30,0D10:00:00,ETH-18AUG23-1950-P,1,0
2023.07.30,0D10:00:00,BTC-29MAR24,1,1
2023.07.30,0D10:00:00,ETH-29MAR24,1,2
2023.07.30,0D11:00:00,BTC-4AUG23-29000-C,1,3
2023.07.30,0D11:00:00,ETH-4AUG23-1950-P,1,1
2023.07.30,0D11:00:00,BTC-28JUN24,1,1
2023.07.30,0D11:00:00,ETH-28JUN24,1,2
2023.07.30,0D12:00:00,BTC-25AUG23-31000-P,1,1
2023.07.30,0D12:00:00,ETH-25AUG23-2600-C,1,1
2023.07.30,0D12:00:00,BTC-25AUG23,1,2
2023.07.30,0D12:00:00,ETH-25AUG23,1,1
2023.07.30,0D13:00:00,BTC-25AUG23-32000-C,1,2
2023.07.30,0D13:00:00,ETH-25AUG23-2300-C,1,1
2023.07.30,0D13:00:00,BTC-29SEP23,1,0
2023.07.30,0D13:00:00,ETH-29SEP23,1,1
2023.07.30,0D14:00:00,BTC-25AUG23-33000-P,1,3
2023.07.30,0D14:00:00,ETH-25AUG23-2800-C,1,0
2023.07.30,0D14:00:00,BTC-29DEC23,1,0
2023.07.30,0D14:00:00,ETH-29DEC23,1,0
2023.07.30,0D15:00:00,BTC-29SEP23-24000-C,1,3
2023.07.30,0D15:00:00,ETH-29SEP23-3000-P,1,3
2023.07.30,0D15:00:00,BTC-29MAR24,1,3
2023.07.30,0D15:00:00,ETH-29MAR24,1,2
2023.07.30,0D16:00:00,BTC-29SEP23-24000-P,1,2
2023.07.30,0D16:00:00,ETH-29SEP23-2600-C,1,2
2023.07.30,0D16:00:00,BTC-28JUN24,1,3
2023.07.30,0D16:00:00,ETH-28JUN24,1,0
2023.07.30,0D17:00:00,BTC-29SEP23-25000-C,1,3
2023.07.30,0D17:00:00,ETH-29SEP23-2100-C,1,1
2023.07.30,0D17:00:00,BTC-25AUG23,1,0
2023.07.30,0D17:00:00,ETH-25AUG23,1,1
2023.07.30,0D18:00:00,BTC-29SEP23-24000-C,1,2
2023.07.30,0D18:00:00,ETH-29SEP23-2100-C,1,1
2023.07.30,0D18:00:00,BTC-29SEP23,1,1
2023.07.30,0D18:00:00,ETH-29SEP23,1,1
2023.07.30,0D19:00:00,BTC-27OCT23-26000-C,1,2
2023.07.30,0D19:00:00,ETH-27OCT23-2400-C,1,3
2023.07.30,0D19:00:00,BTC-29DEC23,1,0
2023.07.30,0D19:00:00,ETH-29DEC23,1,2
2023.07.30,0D20:00:00,BTC-29DEC23-26000-P,1,1
2023.07.30,0D20:00:00,ETH-29DEC23-2100-C,1,2
2023.07.30,0D20:00:00,BTC-29MAR24,1,1
2023.07.30,0D20:00:00,ETH-29MAR24,1,1
2023.07.30,0D21:00:00,BTC-29DEC23-27000-C,1,3
2023.07.30,0D21:00:00,ETH-29DEC23-2200-C,1,2
2023.07.30,0D21:00:00,BTC-28JUN24,1,2
2023.07.30,0D21:00:00,ETH-28JUN24,1,0
2023.07.30,0D22:00:00,BTC-29MAR24-23000-C,1,0
2023.07.30,0D22:00:00,ETH-29MAR24-3500-C,1,3
2023.07.30,0D22:00:00,BTC-25AUG23,1,3
2023.07.30,0D22:00:00,ETH-25AUG23,1,0
2023.07.30,0D23:00:00,BTC-28JUN24-24000-C,1,3
2023.07.30,0D23:00:00,ETH-28JUN24-1400-P,1,0
2023.07.30,0D23:00:00,BTC-29SEP23,1,1
2023.07.30,0D23:00:00,ETH-29SEP23,1,3
2023.07.31,0D00:00:00,BTC-29MAR24-23000-C,1,1
2023.07.31,0D00:00:00,ETH-29MAR24-3500-C,1,3
2023.07.31,0D00:00:00,BTC-29MAR24,1,0
2023.07.31,0D00:00:00,ETH-29MAR24,1,2
2023.07.31,0D01:00:00,BTC-18AUG23-28000-P,1,0
2023.07.31,0D01:00:00,ETH-25AUG23-1900-P,1,1
2023.07.31,0D01:00:00,BTC-28JUN24,1,0
2023.07.31,0D01:00:00,ETH-28JUN24,1,2
2023.07.31,0D02:00:00,BTC-29DEC23-26000-P,1,2
2023.07.31,0D02:00:00,ETH-29DEC23-2100-C,1,3
2023.07.31,0D02:00:00,BTC-25AUG23,1,3
2023.07.31,0D02:00:00,ETH-25AUG23,1,0
2023.07.31,0D03:00:00,BTC-27OCT23-26000-C,1,1
2023.07.31,0D03:00:00,ETH-27OCT23-2400-C,1,3
2023.07.31,0D03:00:00,BTC-29SEP23,1,2
2023.07.31,0D03:00:00,ETH-29SEP23,1,0
2023.07.31,0D04:00:00,BTC-29DEC23-26000-P,1,2
2023.07.31,0D04:00:00,ETH-29DEC23-2100-C,1,0
2023.07.31,0D04:00:00,BTC-29DEC23,1,1
2023.07.31,0D04:00:00,ETH-29DEC23,1,1
2023.07.31,0D05:00:00,BTC-29DEC23-27000-C,1,2
2023.07.31,0D05:00:00,ETH-29DEC23-2200-C,1,0
2023.07.31,0D05:00:00,BTC-29MAR24,1,0
2023.07.31,0D05:00:00,ETH-29MAR24,1,0
2023.07.31,0D06:00:00,BTC-29MAR24-23000-C,1,1
2023.07.31,0D06:00:00,ETH-29MAR24-3500-C,1,1
2023.07.31,0D06:00:00,BTC-28JUN24,1,0
2023.07.31,0D06:00:00,ETH-28JUN24,1,2
2023.07.31,0D07:00:00,BTC-28JUN24-24000-C,1,1
2023.07.31,0D07:00:00,ETH-28JUN24-1400-P,1,0
2023.07.31,0D07:00:00,BTC-25AUG23,1,2
2023.07.31,0D07:00:00,ETH-25AUG23,1,3
2023.07.31,0D08:00:00,BTC-18AUG23-28000-P,1,0
2023.07.31,0D08:00:00,ETH-25AUG23-1900-P,1,3
2023.07.31,0D08:00:00,BTC-29SEP23,1,0
2023.07.31,0D08:00:00,ETH-29SEP23,1,1
2023.07.31,0D09:00:00,BTC-18AUG23-28500-C,1,2
2023.07.31,0D09:00:00,ETH-18AUG23-1950-C,1,0
2023.07.31,0D09:00:00,BTC-29DEC23,1,2
2023.07.31,0D09:00:00,ETH-29DEC23,1,3
2023.07.31,0D10:00:00,BTC-18AUG23-28500-P,1,3
2023.07.31,0D10:00:00,ETH-18AUG23-1950-P,1,0
2023.07.31,0D10:00:00,BTC-29MAR24,1,0
2023.07.31,0D10:00:00,ETH-29MAR24,1,1
2023.07.31,0D11:00:00,BTC-18AUG23-29000-C,1,3
2023.07.31,0D11:00:00,ETH-4AUG23-1900-P,1,3
2023.07.31,0D11:00:00,BTC-28JUN24,1,0
2023.07.31,0D11:00:00,ETH-28JUN24,1,0
2023.07.31,0D12:00:00,BTC-25AUG23-31000-P,1,3
2023.07.31,0D12:00:00,ETH-25AUG23-2600-C,1,1
2023.07.31,0D12:00:00,BTC-25AUG23,1,1
2023.07.31,0D12:00:00,ETH-25AUG23,1,2
2023.07.31,0D13:00:00,BTC-25AUG23-32000-C,1,2
2023.07.31,0D13:00:00,ETH-25AUG23-2300-C,1,0
2023.07.31,0D13:00:00,BTC-29SEP23,1,3
2023.07.31,0D13:00:00,ETH-29SEP23,1,1
2023.07.31,0D14:00:00,BTC-25AUG23-33000-P,1,2
2023.07.31,0D14:00:00,ETH-25AUG23-2800-C,1,2
2023.07.31,0D14:00:00,BTC-29DEC23,1,3
2023.07.31,0D14:00:00,ETH-29DEC23,1,3
2023.07.31,0D15:00:00,BTC-29SEP23-24000-C,1,0
2023.07.31,0D15:00:00,ETH-29SEP23-3000-P,1,2
2023.07.31,0D15:00:00,BTC-29MAR24,1,3
2023.07.31,0D15:00:00,ETH-29MAR24,1,0
2023.07.31,0D16:00:00,BTC-29SEP23-24000-P,1,3
2023.07.31,0D16:00:00,ETH-29SEP23-2600-C,1,0
2023.07.31,0D16:00:00,BTC-28JUN24,1,1
2023.07.31,0D16:00:00,ETH-28JUN24,1,3
2023.07.31,0D17:00:00,BTC-29SEP23-25000-C,1,2
2023.07.31,0D17:00:00,ETH-29SEP23-2100-C,1,3
2023.07.31,0D17:00:00,BTC-25AUG23,1,1
2023.07.31,0D17:00:00,ETH-25AUG23,1,0
2023.07.31,0D18:00:00,BTC-27OCT23-24000-C,1,3
2023.07.31,0D18:00:00,ETH-27OCT23-2100-C,1,3
2023.07.31,0D18:00:00,BTC-29SEP23,1,1
2023.07.31,0D18:00:00,ETH-29SEP23,1,3
2023.07.31,0D19:00:00,BTC-27OCT23-26000-C,1,0
2023.07.31,0D19:00:00,ETH-27OCT23-2400-C,1,0
2023.07.31,0D19:00:00,BTC-29DEC23,1,3
2023.07.31,0D19:00:00,ETH-29DEC23,1,2
2023.07.31,0D20:00:00,BTC-29DEC23-26000-P,1,0
2023.07.31,0D20:00:00,ETH-29DEC23-2100-C,1,1
2023.07.31,0D20:00:00,BTC-29MAR24,1,3
2023.07.31,0D20:00:00,ETH-29MAR24,1,1
2023.07.31,0D21:00:00,BTC-29DEC23-27000-C,1,0
2023.07.31,0D21:00:00,ETH-29DEC23-2200-C,1,3
2023.07.31,0D21:00:00,BTC-28JUN24,1,1
2023.07.31,0D21:00:00,ETH-28JUN24,1,2
2023.07.31,0D22:00:00,BTC-29MAR24-23000-C,1,0
2023.07.31,0D22:00:00,ETH-29MAR24-3500-C,1,2
2023.07.31,0D22:00:00,BTC-25AUG23,1,2
2023.07.31,0D22:00:00,ETH-25AUG23,1,1
2023.07.31,0D23:00:00,BTC-28JUN24-24000-C,1,1
2023.07.31,0D23:00:00,ETH-28JUN24-1400-P,1,0
2023.07.31,0D23:00:00,BTC-29SEP23,1,0
2023.07.31,0D23:00:00,ETH-29SEP23,1,1
2023.08.01,0D00:00:00,BTC-3AUG23-28750-C,1,3
2023.08.01,0D00:00:00,BTC-3AUG23-30250-C,1,0
2023.08.01,0D00:00:00,BTC-4AUG23,1,2
2023.08.01,0D00:00:00,ETH-4AUG23,1,3
2023.08.01,0D01:00:00,ETH-3AUG23-1875-C,1,2
2023.08.01,0D01:00:00,ETH-3AUG23-1825-P,1,3
2023.08.01,0D01:00:00,BTC-11AUG23,1,1
2023.08.01,0D01:00:00,ETH-11AUG23,1,3
2023.08.01,0D02:00:00,BTC-3AUG23-30000-P,1,3
2023.08.01,0D02:00:00,BTC-3AUG23-29250-C,1,0
2023.08.01,0D02:00:00,BTC-25AUG23,1,2
2023.08.01,0D02:00:00,ETH-25AUG23,1,0
2023.08.01,0D03:00:00,ETH-3AUG23-2000-P,1,1
2023.08.01,0D03:00:00,ETH-3AUG23-1825-P,1,3
2023.08.01,0D03:00:00,BTC-29SEP23,1,0
2023.08.01,0D03:00:00,ETH-29SEP23,1,0
2023.08.01,0D04:00:00,ETH-3AUG23-1825-C,1,0
2023.08.01,0D04:00:00,BTC-3AUG23-27000-C,1,3
2023.08.01,0D04:00:00,BTC-29DEC23,1,3
2023.08.01,0D04:00:00,ETH-29DEC23,1,0
2023.08.01,0D05:00:00,BTC-11AUG23-25000-P,1,0
2023.08.01,0D05:00:00,ETH-11AUG23-1750-P,1,0
2023.08.01,0D05:00:00,BTC-29MAR24,1,3
2023.08.01,0D05:00:00,ETH-29MAR24,1,2
2023.08.01,0D06:00:00,BTC-11AUG23-29000-P,1,1
2023.08.01,0D06:00:00,ETH-11AUG23-1900-C,1,3
2023.08.01,0D06:00:00,BTC-28JUN24,1,3
2023.08.01,0D06:00:00,ETH-28JUN24,1,2
2023.08.01,0D07:00:00,ETH-11AUG23-1900-C,1,3
2023.08.01,0D07:00:00,BTC-11AUG23-23000-P,1,1
2023.08.01,0D07:00:00,BTC-4AUG23,1,1
2023.08.01,0D07:00:00,ETH-4AUG23,1,3
2023.08.01,0D08:00:00,BTC-18AUG23-28000-P,1,0
2023.08.01,0D08:00:00,ETH-18AUG23-1900-P,1,2
2023.08.01,0D08:00:00,BTC-11AUG23,1,1
2023.08.01,0D08:00:00,ETH-11AUG23,1,3
2023.08.01,0D09:00:00,BTC-18AUG23-28500-C,1,0
2023.08.01,0D09:00:00,ETH-18AUG23-1950-C,1,2
2023.08.01,0D09:00:00,BTC-25AUG23,1,3
2023.08.01,0D09:00:00,ETH-25AUG23,1,0
2023.08.01,0D10:00:00,BTC-18AUG23-28500-P,1,3
2023.08.01,0D10:00:00,ETH-18AUG23-1950-P,1,1
2023.08.01,0D10:00:00,BTC-29SEP23,1,0
2023.08.01,0D10:00:00,ETH-29SEP23,1,0
2023.08.01,0D11:00:00,BTC-18AUG23-29000-C,1,1
2023.08.01,0D11:00:00,ETH-18AUG23-1950-P,1,1
2023.08.01,0D11:00:00,BTC-29DEC23,1,3
2023.08.01,0D11:00:00,ETH-29DEC23,1,1
2023.08.01,0D12:00:00,BTC-25AUG23-31000-P,1,2
2023.08.01,0D12:00:00,ETH-25AUG23-2600-C,1,3
2023.08.01,0D12:00:00,BTC-29MAR24,1,1
2023.08.01,0D12:00:00,ETH-29MAR24,1,3
2023.08.01,0D13:00:00,BTC-25AUG23-32000-C,1,0
2023.08.01,0D13:00:00,ETH-25AUG23-2300-C,1,1
2023.08.01,0D13:00:00,BTC-28JUN24,1,0
2023.08.01,0D13:00:00,ETH-28JUN24,1,2
2023.08.01,0D14:00:00,BTC-25AUG23-33000-P,1,3
2023.08.01,0D14:00:00,ETH-25AUG23-2800-C,1,2
2023.08.01,0D14:00:00,BTC-4AUG23,1,0
2023.08.01,0D14:00:00,ETH-4AUG23,1,3
2023.08.01,0D15:00:00,BTC-29SEP23-24000-C,1,0
2023.08.01,0D15:00:00,ETH-29SEP23-3000-P,1,3
2023.08.01,0D15:00:00,BTC-11AUG23,1,1
2023.08.01,0D15:00:00,ETH-11AUG23,1,2
2023.08.01,0D16:00:00,BTC-29SEP23-24000-P,1,2
2023.08.01,0D16:00:00,ETH-29SEP23-2600-C,1,3
2023.08.01,0D16:00:00,BTC-25AUG23,1,3
2023.08.01,0D16:00:00,ETH-25AUG23,1,1
2023.08.01,0D17:00:00,BTC-29SEP23-25000-C,1,1
2023.08.01,0D17:00:00,ETH-29SEP23-2100-C,1,2
2023.08.01,0D17:00:00,BTC-29SEP23,1,2
2023.08.01,0D17:00:00,ETH-29SEP23,1,1
2023.08.01,0D18:00:00,BTC-27OCT23-24000-C,1,2
2023.08.01,0D18:00:00,ETH-27OCT23-2100-C,1,1
2023.08.01,0D18:00:00,BTC-29DEC23,1,2
2023.08.01,0D18:00:00,ETH-29DEC23,1,0
2023.08.01,0D19:00:00,BTC-27OCT23-26000-C,1,1
2023.08.01,0D19:00:00,ETH-27OCT23-2400-C,1,2
2023.08.01,0D19:00:00,BTC-29MAR24,1,1
2023.08.01,0D19:00:00,ETH-29MAR24,1,1
2023.08.01,0D20:00:00,BTC-29DEC23-26000-P,1,2
2023.08.01,0D20:00:00,ETH-29DEC23-2100-C,1,1
2023.08.01,0D20:00:00,BTC-28JUN24,1,1
2023.08.01,0D20:00:00,ETH-28JUN24,1,1
2023.08.01,0D21:00:00,BTC-29DEC23-27000-C,1,2
2023.08.01,0D21:00:00,ETH-29DEC23-2200-C,1,0
2023.08.01,0D21:00:00,BTC-4AUG23,1,3
2023.08.01,0D21:00:00,ETH-4AUG23,1,3
2023.08.01,0D22:00:00,BTC-29MAR24-23000-C,1,3
2023.08.01,0D22:00:00,ETH-29MAR24-3500-C,1,2
2023.08.01,0D22:00:00,BTC-11AUG23,1,1
2023.08.01,0D22:00:00,ETH-11AUG23,1,1
2023.08.01,0D23:00:00,BTC-28JUN24-24000-C,1,2
2023.08.01,0D23:00:00,ETH-28JUN24-1400-P,1,3
2023.08.01,0D23:00:00,BTC-25AUG23,1,1
2023.08.01,0D23:00:00,ETH-25AUG23,1,1
2023.08.02,0D00:00:00,ETH-4AUG23-1850-P,1,0
2023.08.02,0D00:00:00,BTC-4AUG23-30500-C,1,2
2023.08.02,0D00:00:00,BTC-29SEP23,1,0
2023.08.02,0D00:00:00,ETH-29SEP23,1,2
2023.08.02,0D01:00:00,ETH-4AUG23-1900-C,1,2
2023.08.02,0D01:00:00,BTC-4AUG23-29000-C,1,0
2023.08.02,0D01:00:00,BTC-29DEC23,1,1
2023.08.02,0D01:00:00,ETH-29DEC23,1,1
2023.08.02,0D02:00:00,ETH-4AUG23-1950-C,1,3
2023.08.02,0D02:00:00,BTC-4AUG23-30000-C,1,2
2023.08.02,0D02:00:00,BTC-29MAR24,1,1
2023.08.02,0D02:00:00,ETH-29MAR24,1,1
2023.08.02,0D03:00:00,ETH-4AUG23-1800-C,1,3
2023.08.02,0D03:00:00,BTC-4AUG23-29000-P,1,1
2023.08.02,0D03:00:00,BTC-28JUN24,1,0
2023.08.02,0D03:00:00,ETH-28JUN24,1,3
2023.08.02,0D04:00:00,ETH-4AUG23-1900-P,1,0
2023.08.02,0D04:00:00,BTC-4AUG23-31500-P,1,1
2023.08.02,0D04:00:00,BTC-4AUG23,1,2
2023.08.02,0D04:00:00,ETH-4AUG23,1,0
2023.08.02,0D05:00:00,BTC-11AUG23-25000-P,1,2
2023.08.02,0D05:00:00,ETH-11AUG23-1750-P,1,2
2023.08.02,0D05:00:00,BTC-11AUG23,1,2
2023.08.02,0D05:00:00,ETH-11AUG23,1,1
2023.08.02,0D06:00:00,BTC-11AUG23-29000-P,1,3
2023.08.02,0D06:00:00,ETH-11AUG23-1900-C,1,0
2023.08.02,0D06:00:00,BTC-25AUG23,1,0
2023.08.02,0D06:00:00,ETH-25AUG23,1,2
2023.08.02,0D07:00:00,ETH-11AUG23-1900-C,1,2
2023.08.02,0D07:00:00,BTC-11AUG23-23000-P,1,3
2023.08.02,0D07:00:00,BTC-29SEP23,1,3
2023.08.02,0D07:00:00,ETH-29SEP23,1,3
2023.08.02,0D08:00:00,BTC-18AUG23-28000-P,1,2
2023.08.02,0D08:00:00,ETH-18AUG23-1900-P,1,3
2023.08.02,0D08:00:00,BTC-29DEC23,1,1
2023.08.02,0D08:00:00,ETH-29DEC23,1,3
2023.08.02,0D09:00:00,BTC-18AUG23-28500-C,1,1
2023.08.02,0D09:00:00,ETH-18AUG23-1950-C,1,1
2023.08.02,0D09:00:00,BTC-29MAR24,1,2
2023.08.02,0D09:00:00,ETH-29MAR24,1,2
2023.08.02,0D10:00:00,BTC-18AUG23-28500-P,1,3
2023.08.02,0D10:00:00,ETH-18AUG23-1950-P,1,3
2023.08.02,0D10:00:00,BTC-28JUN24,1,1
2023.08.02,0D10:00:00,ETH-28JUN24,1,2
2023.08.02,0D11:00:00,BTC-18AUG23-29000-C,1,3
2023.08.02,0D11:00:00,ETH-18AUG23-1950-P,1,0
2023.08.02,0D11:00:00,BTC-4AUG23,1,3
2023.08.02,0D11:00:00,ETH-4AUG23,1,3
2023.08.02,0D12:00:00,BTC-25AUG23-31000-P,1,1
2023.08.02,0D12:00:00,ETH-25AUG23-2600-C,1,1
2023.08.02,0D12:00:00,BTC-11AUG23,1,2
2023.08.02,0D12:00:00,ETH-11AUG23,1,0
2023.08.02,0D13:00:00,BTC-25AUG23-32000-C,1,3
2023.08.02,0D13:00:00,ETH-25AUG23-2300-C,1,2
2023.08.02,0D13:00:00,BTC-25AUG23,1,2
2023.08.02,0D13:00:00,ETH-25AUG23,1,0
2023.08.02,0D14:00:00,BTC-25AUG23-33000-P,1,3
2023.08.02,0D14:00:00,ETH-25AUG23-2800-C,1,2
2023.08.02,0D14:00:00,BTC-29SEP23,1,1
2023.08.02,0D14:00:00,ETH-29SEP23,1,3
2023.08.02,0D15:00:00,BTC-29SEP23-24000-C,1,0
2023.08.02,0D15:00:00,ETH-29SEP23-3000-P,1,2
2023.08.02,0D15:00:00,BTC-29DEC23,1,0
2023.08.02,0D15:00:00,ETH-29DEC23,1,1
2023.08.02,0D16:00:00,BTC-29SEP23-24000-P,1,2
2023.08.02,0D16:00:00,ETH-29SEP23-2600-C,1,2
2023.08.02,0D16:00:00,BTC-29MAR24,1,0
2023.08.02,0D16:00:00,ETH-29MAR24,1,2
2023.08.02,0D17:00:00,BTC-29SEP23-25000-C,1,0
2023.08.02,0D17:00:00,ETH-29SEP23-2100-C,1,2
2023.08.02,0D17:00:00,BTC-28JUN24,1,3
2023.08.02,0D17:00:00,ETH-28JUN24,1,1
2023.08.02,0D18:00:00,BTC-27OCT23-24000-C,1,0
2023.08.02,0D18:00:00,ETH-27OCT23-2100-C,1,3
2023.08.02,0D18:00:00,BTC-4AUG23,1,2
2023.08.02,0D18:00:00,ETH-4AUG23,1,2
2023.08.02,0D19:00:00,BTC-27OCT23-26000-C,1,3
2023.08.02,0D19:00:00,ETH-27OCT23-2400-C,1,0
2023.08.02,0D19:00:00,BTC-11AUG23,1,0
2023.08.02,0D19:00:00,ETH-11AUG23,1,3
2023.08.02,0D20:00:00,BTC-29DEC23-26000-P,1,3
2023.08.02,0D20:00:00,ETH-29DEC23-2100-C,1,3
2023.08.02,0D20:00:00,BTC-25AUG23,1,0
2023.08.02,0D20:00:00,ETH-25AUG23,1,2
2023.08.02,0D21:00:00,BTC-29DEC23-27000-C,1,0
2023.08.02,0D21:00:00,ETH-29DEC23-2200-C,1,3
2023.08.02,0D21:00:00,BTC-29SEP23,1,0
2023.08.02,0D21:00:00,ETH-29SEP23,1,0
2023.08.02,0D22:00:00,BTC-29MAR24-23000-C,1,0
2023.08.02,0D22:00:00,ETH-29MAR24-3500-C,1,0
2023.08.02,0D22:00:00,BTC-29DEC23,1,1
2023.08.02,0D22:00:00,ETH-29DEC23,1,0
2023.08.02,0D23:00:00,BTC-28JUN24-24000-C,1,1
2023.08.02,0D23:00:00,ETH-28JUN24-1400-P,1,2
2023.08.02,0D23:00:00,BTC-29MAR24,1,2
2023.08.02,0D23:00:00,ETH-29MAR24,1,1
2023.08.03,0D00:00:00,ETH-25AUG23-1800-C,1,3
2023.08.03,0D00:00:00,BTC-11AUG23-32500-P,1,2
2023.08.03,0D00:00:00,BTC-28JUN24,1,3
2023.08.03,0D00:00:00,ETH-28JUN24,1,1
2023.08.03,0D01:00:00,ETH-25AUG23-1850-C,1,1
2023.08.03,0D01:00:00,BTC-18AUG23-27000-P,1,2
2023.08.03,0D01:00:00,BTC-4AUG23,1,2
2023.08.03,0D01:00:00,ETH-4AUG23,1,1
2023.08.03,0D02:00:00,BTC-18AUG23-33000-P,1,1
2023.08.03,0D02:00:00,ETH-25AUG23-1950-C,1,2
2023.08.03,0D02:00:00,BTC-11AUG23,1,1
2023.08.03,0D02:00:00,ETH-11AUG23,1,2
2023.08.03,0D03:00:00,BTC-18AUG23-38000-C,1,3
2023.08.03,0D03:00:00,ETH-25AUG23-1650-P,1,2
2023.08.03,0D03:00:00,BTC-25AUG23,1,3
2023.08.03,0D03:00:00,ETH-25AUG23,1,0
2023.08.03,0D04:00:00,BTC-25AUG23-29000-C,1,1
2023.08.03,0D04:00:00,ETH-25AUG23-1500-P,1,1
2023.08.03,0D04:00:00,BTC-29SEP23,1,1
2023.08.03,0D04:00:00,ETH-29SEP23,1,1
2023.08.03,0D05:00:00,BTC-11AUG23-25000-P,1,2
2023.08.03,0D05:00:00,ETH-11AUG23-1750-P,1,1
2023.08.03,0D05:00:00,BTC-29DEC23,1,2
2023.08.03,0D05:00:00,ETH-29DEC23,1,0
2023.08.03,0D06:00:00,BTC-11AUG23-29000-P,1,1
2023.08.03,0D06:00:00,ETH-11AUG23-1900-C,1,0
2023.08.03,0D06:00:00,BTC-29MAR24,1,1
2023.08.03,0D06:00:00,ETH-29MAR24,1,1
2023.08.03,0D07:00:00,ETH-11AUG23-1900-C,1,0
2023.08.03,0D07:00:00,BTC-11AUG23-23000-P,1,3
2023.08.03,0D07:00:00,BTC-28JUN24,1,0
2023.08.03,0D07:00:00,ETH-28JUN24,1,1
2023.08.03,0D08:00:00,BTC-18AUG23-28000-P,1,2
2023.08.03,0D08:00:00,ETH-18AUG23-1900-P,1,2
2023.08.03,0D08:00:00,BTC-11AUG23,1,0
2023.08.03,0D08:00:00,ETH-11AUG23,1,0
2023.08.03,0D09:00:00,BTC-18AUG23-28500-C,1,3
2023.08.03,0D09:00:00,ETH-18AUG23-1950-C,1,3
2023.08.03,0D09:00:00,BTC-25AUG23,1,3
2023.08.03,0D09:00:00,ETH-25AUG23,1,1
2023.08.03,0D10:00:00,BTC-18AUG23-28500-P,1,2
2023.08.03,0D10:00:00,ETH-18AUG23-1950-P,1,1
2023.08.03,0D10:00:00,BTC-29SEP23,1,3
2023.08.03,0D10:00:00,ETH-29SEP23,1,3
2023.08.03,0D11:00:00,BTC-18AUG23-29000-C,1,1
2023.08.03,0D11:00:00,ETH-18AUG23-1950-P,1,0
2023.08.03,0D11:00:00,BTC-29DEC23,1,0
2023.08.03,0D11:00:00,ETH-29DEC23,1,0
2023.08.03,0D12:00:00,BTC-25AUG23-31000-P,1,2
2023.08.03,0D12:00:00,ETH-25AUG23-2600-C,1,3
2023.08.03,0D12:00:00,BTC-29MAR24,1,0
2023.08.03,0D12:00:00,ETH-29MAR24,1,1
2023.08.03,0D13:00:00,BTC-25AUG23-32000-C,1,2
2023.08.03,0D13:00:00,ETH-25AUG23-2300-C,1,1
2023.08.03,0D13:00:00,BTC-28JUN24,1,0
2023.08.03,0D13:00:00,ETH-28JUN24,1,1
2023.08.03,0D14:00:00,BTC-25AUG23-33000-P,1,0
2023.08.03,0D14:00:00,ETH-25AUG23-2800-C,1,2
2023.08.03,0D14:00:00,BTC-11AUG23,1,0
2023.08.03,0D14:00:00,ETH-11AUG23,1,2
2023.08.03,0D15:00:00,BTC-29SEP23-24000-C,1,3
2023.08.03,0D15:00:00,ETH-29SEP23-3000-P,1,0
2023.08.03,0D15:00:00,BTC-25AUG23,1,0
2023.08.03,0D15:00:00,ETH-25AUG23,1,0
2023.08.03,0D16:00:00,BTC-29SEP23-24000-P,1,2
2023.08.03,0D16:00:00,ETH-29SEP23-2600-C,1,0
2023.08.03,0D16:00:00,BTC-29SEP23,1,0
2023.08.03,0D16:00:00,ETH-29SEP23,1,2
2023.08.03,0D17:00:00,BTC-29SEP23-25000-C,1,2
2023.08.03,0D17:00:00,ETH-29SEP23-2100-C,1,2
2023.08.03,0D17:00:00,BTC-29DEC23,1,1
2023.08.03,0D17:00:00,ETH-29DEC23,1,1
2023.08.03,0D18:00:00,BTC-27OCT23-24000-C,1,3
2023.08.03,0D18:00:00,ETH-27OCT23-2100-C,1,0
2023.08.03,0D18:00:00,BTC-29MAR24,1,1
2023.08.03,0D18:00:00,ETH-29MAR24,1,3
2023.08.03,0D19:00:00,BTC-27OCT23-26000-C,1,1
2023.08.03,0D19:00:00,ETH-27OCT23-2400-C,1,0
2023.08.03,0D19:00:00,BTC-28JUN24,1,2
2023.08.03,0D19:00:00,ETH-28JUN24,1,3
2023.08.03,0D20:00:00,BTC-29DEC23-26000-P,1,0
2023.08.03,0D20:00:00,ETH-29DEC23-2100-C,1,3
2023.08.03,0D20:00:00,BTC-11AUG23,1,2
2023.08.03,0D20:00:00,ETH-11AUG23,1,1
2023.08.03,0D21:00:00,BTC-29DEC23-27000-C,1,1
2023.08.03,0D21:00:00,ETH-29DEC23-2200-C,1,0
2023.08.03,0D21:00:00,BTC-25AUG23,1,3
2023.08.03,0D21:00:00,ETH-25AUG23,1,3
2023.08.03,0D22:00:00,BTC-29MAR24-23000-C,1,0
2023.08.03,0D22:00:00,ETH-29MAR24-3500-C,1,0
2023.08.03,0D22:00:00,BTC-29SEP23,1,2
2023.08.03,0D22:00:00,ETH-29SEP23,1,0
2023.08.03,0D23:00:00,BTC-28JUN24-24000-C,1,3
2023.08.03,0D23:00:00,ETH-28JUN24-1400-P,1,1
2023.08.03,0D23:00:00,BTC-29DEC23,1,2
2023.08.03,0D23:00:00,ETH-29DEC23,1,1
2023.08.04,0D00:00:00,BTC-6AUG23-29500-P,1,3
2023.08.04,0D00:00:00,ETH-6AUG23-1750-P,1,2
2023.08.04,0D00:00:00,BTC-29MAR24,1,2
2023.08.04,0D00:00:00,ETH-29MAR24,1,2
2023.08.04,0D01:00:00,BTC-6AUG23-29750-C,1,0
2023.08.04,0D01:00:00,ETH-6AUG23-1775-P,1,1
2023.08.04,0D01:00:00,BTC-28JUN24,1,2
2023.08.04,0D01:00:00,ETH-28JUN24,1,1
2023.08.04,0D02:00:00,BTC-6AUG23-30000-C,1,0
2023.08.04,0D02:00:00,ETH-6AUG23-1800-C,1,0
2023.08.04,0D02:00:00,BTC-11AUG23,1,0
2023.08.04,0D02:00:00,ETH-11AUG23,1,2
2023.08.04,0D03:00:00,BTC-6AUG23-29250-P,1,1
2023.08.04,0D03:00:00,ETH-6AUG23-1900-C,1,1
2023.08.04,0D03:00:00,BTC-25AUG23,1,2
2023.08.04,0D03:00:00,ETH-25AUG23,1,3
2023.08.04,0D04:00:00,BTC-6AUG23-29750-C,1,3
2023.08.04,0D04:00:00,ETH-6AUG23-1800-C,1,0
2023.08.04,0D04:00:00,BTC-29SEP23,1,0
2023.08.04,0D04:00:00,ETH-29SEP23,1,0
2023.08.04,0D05:00:00,BTC-11AUG23-25000-P,1,3
2023.08.04,0D05:00:00,ETH-11AUG23-1750-P,1,2
2023.08.04,0D05:00:00,BTC-29DEC23,1,1
2023.08.04,0D05:00:00,ETH-29DEC23,1,2
2023.08.04,0D06:00:00,BTC-11AUG23-29000-P,1,2
2023.08.04,0D06:00:00,ETH-11AUG23-1900-C,1,2
2023.08.04,0D06:00:00,BTC-29MAR24,1,2
2023.08.04,0D06:00:00,ETH-29MAR24,1,0
2023.08.04,0D07:00:00,ETH-11AUG23-1900-C,1,1
2023.08.04,0D07:00:00,BTC-11AUG23-23000-P,1,0
2023.08.04,0D07:00:00,BTC-28JUN24,1,0
2023.08.04,0D07:00:00,ETH-28JUN24,1,0
2023.08.04,0D08:00:00,BTC-18AUG23-28000-P,1,0
2023.08.04,0D08:00:00,ETH-18AUG23-1900-P,1,2
2023.08.04,0D08:00:00,BTC-11AUG23,1,1
2023.08.04,0D08:00:00,ETH-11AUG23,1,3
2023.08.04,0D09:00:00,BTC-18AUG23-28500-C,1,2
2023.08.04,0D09:00:00,ETH-18AUG23-1950-C,1,2
2023.08.04,0D09:00:00,BTC-25AUG23,1,2
2023.08.04,0D09:00:00,ETH-25AUG23,1,1
2023.08.04,0D10:00:00,BTC-18AUG23-28500-P,1,1
2023.08.04,0D10:00:00,ETH-18AUG23-1950-P,1,2
2023.08.04,0D10:00:00,BTC-29SEP23,1,0
2023.08.04,0D10:00:00,ETH-29SEP23,1,2
2023.08.04,0D11:00:00,BTC-18AUG23-29000-C,1,2
2023.08.04,0D11:00:00,ETH-18AUG23-1950-P,1,0
2023.08.04,0D11:00:00,BTC-29DEC23,1,3
2023.08.04,0D11:00:00,ETH-29DEC23,1,0
2023.08.04,0D12:00:00,BTC-25AUG23-31000-P,1,2
2023.08.04,0D12:00:00,ETH-25AUG23-2600-C,1,1
2023.08.04,0D12:00:00,BTC-29MAR24,1,2
2023.08.04,0D12:00:00,ETH-29MAR24,1,0
2023.08.04,0D13:00:00,BTC-25AUG23-32000-C,1,2
2023.08.04,0D13:00:00,ETH-25AUG23-2300-C,1,1
2023.08.04,0D13:00:00,BTC-28JUN24,1,2
2023.08.04,0D13:00:00,ETH-28JUN24,1,3
2023.08.04,0D14:00:00,BTC-25AUG23-33000-P,1,2
2023.08.04,0D14:00:00,ETH-25AUG23-2800-C,1,2
2023.08.04,0D14:00:00,BTC-11AUG23,1,0
2023.08.04,0D14:00:00,ETH-11AUG23,1,1
2023.08.04,0D15:00:00,BTC-29SEP23-24000-C,1,0
2023.08.04,0D15:00:00,ETH-29SEP23-3000-P,1,0
2023.08.04,0D15:00:00,BTC-25AUG23,1,2
2023.08.04,0D15:00:00,ETH-25AUG23,1,2
2023.08.04,0D16:00:00,BTC-29SEP23-24000-P,1,3
2023.08.04,0D16:00:00,ETH-29SEP23-2600-C,1,0
2023.08.04,0D16:00:00,BTC-29SEP23,1,1
2023.08.04,0D16:00:00,ETH-29SEP23,1,3
2023.08.04,0D17:00:00,BTC-29SEP23-25000-C,1,0
2023.08.04,0D17:00:00,ETH-29SEP23-2100-C,1,1
2023.08.04,0D17:00:00,BTC-29DEC23,1,2
2023.08.04,0D17:00:00,ETH-29DEC23,1,3
2023.08.04,0D18:00:00,BTC-27OCT23-24000-C,1,1
2023.08.04,0D18:00:00,ETH-27OCT23-2100-C,1,0
2023.08.04,0D18:00:00,BTC-29MAR24,1,2
2023.08.04,0D18:00:00,ETH-29MAR24,1,3
2023.08.04,0D19:00:00,BTC-27OCT23-26000-C,1,1
2023.08.04,0D19:00:00,ETH-27OCT23-2400-C,1,0
2023.08.04,0D19:00:00,BTC-28JUN24,1,0
2023.08.04,0D19:00:00,ETH-28JUN24,1,3
2023.08.04,0D20:00:00,BTC-29DEC23-26000-P,1,3
2023.08.04,0D20:00:00,ETH-29DEC23-2100-C,1,0
2023.08.04,0D20:00:00,BTC-11AUG23,1,0
2023.08.04,0D20:00:00,ETH-11AUG23,1,2
2023.08.04,0D21:00:00,BTC-29DEC23-27000-C,1,2
2023.08.04,0D21:00:00,ETH-29DEC23-2200-C,1,0
2023.08.04,0D21:00:00,BTC-25AUG23,1,2
2023.08.04,0D21:00:00,ETH-25AUG23,1,2
2023.08.04,0D22:00:00,BTC-29MAR24-23000-C,1,3
2023.08.04,0D22:00:00,ETH-29MAR24-3500-C,1,0
2023.08.04,0D22:00:00,BTC-29SEP23,1,3
2023.08.04,0D22:00:00,ETH-29SEP23,1,0
2023.08.04,0D23:00:00,BTC-28JUN24-24000-C,1,2
2023.08.04,0D23:00:00,ETH-28JUN24-1400-P,1,2
2023.08.04,0D23:00:00,BTC-29DEC23,1,2
2023.08.04,0D23:00:00,ETH-29DEC23,1,0
2023.08.05,0D00:00:00,BTC-7AUG23-28750-P,1,1
2023.08.05,0D00:00:00,ETH-7AUG23-1850-C,1,1
2023.08.05,0D00:00:00,BTC-29MAR24,1,3
2023.08.05,0D00:00:00,ETH-29MAR24,1,1
2023.08.05,0D01:00:00,BTC-7AUG23-29250-P,1,3
2023.08.05,0D01:00:00,ETH-7AUG23-1800-P,1,0
2023.08.05,0D01:00:00,BTC-28JUN24,1,1
2023.08.05,0D01:00:00,ETH-28JUN24,1,0
2023.08.05,0D02:00:00,BTC-7AUG23-29500-C,1,3
2023.08.05,0D02:00:00,ETH-7AUG23-1875-C,1,2
2023.08.05,0D02:00:00,BTC-11AUG23,1,0
2023.08.05,0D02:00:00,ETH-11AUG23,1,0
2023.08.05,0D03:00:00,BTC-7AUG23-29500-P,1,0
2023.08.05,0D03:00:00,ETH-7AUG23-1950-C,1,1
2023.08.05,0D03:00:00,BTC-25AUG23,1,0
2023.08.05,0D03:00:00,ETH-25AUG23,1,3
2023.08.05,0D04:00:00,BTC-7AUG23-29750-C,1,1
2023.08.05,0D04:00:00,ETH-7AUG23-1825-P,1,1
2023.08.05,0D04:00:00,BTC-29SEP23,1,1
2023.08.05,0D04:00:00,ETH-29SEP23,1,1
2023.08.05,0D05:00:00,BTC-11AUG23-25000-P,1,2
2023.08.05,0D05:00:00,ETH-11AUG23-1750-P,1,2
2023.08.05,0D05:00:00,BTC-29DEC23,1,2
2023.08.05,0D05:00:00,ETH-29DEC23,1,2
2023.08.05,0D06:00:00,BTC-11AUG23-29000-P,1,3
2023.08.05,0D06:00:00,ETH-11AUG23-1900-C,1,3
2023.08.05,0D06:00:00,BTC-29MAR24,1,1
2023.08.05,0D06:00:00,ETH-29MAR24,1,1
2023.08.05,0D07:00:00,ETH-11AUG23-1900-C,1,2
2023.08.05,0D07:00:00,BTC-11AUG23-23000-P,1,3
2023.08.05,0D07:00:00,BTC-28JUN24,1,1
2023.08.05,0D07:00:00,ETH-28JUN24,1,3
2023.08.05,0D08:00:00,BTC-18AUG23-28000-P,1,0
2023.08.05,0D08:00:00,ETH-18AUG23-1900-P,1,1
2023.08.05,0D08:00:00,BTC-11AUG23,1,2
2023.08.05,0D08:00:00,ETH-11AUG23,1,1
2023.08.05,0D09:00:00,BTC-18AUG23-28500-C,1,3
2023.08.05,0D09:00:00,ETH-18AUG23-1950-C,1,0
2023.08.05,0D09:00:00,BTC-25AUG23,1,2
2023.08.05,0D09:00:00,ETH-25AUG23,1,0
2023.08.05,0D10:00:00,BTC-18AUG23-28500-P,1,1
2023.08.05,0D10:00:00,ETH-18AUG23-1950-P,1,0
2023.08.05,0D10:00:00,BTC-29SEP23,1,3
2023.08.05,0D10:00:00,ETH-29SEP23,1,1
2023.08.05,0D11:00:00,BTC-18AUG23-29000-C,1,3
2023.08.05,0D11:00:00,ETH-18AUG23-1950-P,1,0
2023.08.05,0D11:00:00,BTC-29DEC23,1,0
2023.08.05,0D11:00:00,ETH-29DEC23,1,0
2023.08.05,0D12:00:00,BTC-25AUG23-31000-P,1,2
2023.08.05,0D12:00:00,ETH-25AUG23-2600-C,1,0
2023.08.05,0D12:00:00,BTC-29MAR24,1,0
2023.08.05,0D12:00:00,ETH-29MAR24,1,1
2023.08.05,0D13:00:00,BTC-25AUG23-32000-C,1,1
2023.08.05,0D13:00:00,ETH-25AUG23-2300-C,1,0
2023.08.05,0D13:00:00,BTC-28JUN24,1,1
2023.08.05,0D13:00:00,ETH-28JUN24,1,3
2023.08.05,0D14:00:00,BTC-25AUG23-33000-P,1,0
2023.08.05,0D14:00:00,ETH-25AUG23-2800-C,1,2
2023.08.05,0D14:00:00,BTC-11AUG23,1,0
2023.08.05,0D14:00:00,ETH-11AUG23,1,3
2023.08.05,0D15:00:00,BTC-29SEP23-24000-C,1,2
2023.08.05,0D15:00:00,ETH-29SEP23-3000-P,1,1
2023.08.05,0D15:00:00,BTC-25AUG23,1,0
2023.08.05,0D15:00:00,ETH-25AUG23,1,2
2023.08.05,0D16:00:00,BTC-29SEP23-24000-P,1,3
2023.08.05,0D16:00:00,ETH-29SEP23-2600-C,1,1
2023.08.05,0D16:00:00,BTC-29SEP23,1,3
2023.08.05,0D16:00:00,ETH-29SEP23,1,3
2023.08.05,0D17:00:00,BTC-29SEP23-25000-C,1,1
2023.08.05,0D17:00:00,ETH-29SEP23-2100-C,1,0
2023.08.05,0D17:00:00,BTC-29DEC23,1,2
2023.08.05,0D17:00:00,ETH-29DEC23,1,1
2023.08.05,0D18:00:00,BTC-27OCT23-24000-C,1,1
2023.08.05,0D18:00:00,ETH-27OCT23-2100-C,1,0
2023.08.05,0D18:00:00,BTC-29MAR24,1,3
2023.08.05,0D18:00:00,ETH-29MAR24,1,0
2023.08.05,0D19:00:00,BTC-27OCT23-26000-C,1,2
2023.08.05,0D19:00:00,ETH-27OCT23-2400-C,1,2
2023.08.05,0D19:00:00,BTC-28JUN24,1,2
2023.08.05,0D19:00:00,ETH-28JUN24,1,2
2023.08.05,0D20:00:00,BTC-29DEC23-26000-P,1,0
2023.08.05,0D20:00:00,ETH-29DEC23-2100-C,1,2
2023.08.05,0D20:00:00,BTC-11AUG23,1,0
2023.08.05,0D20:00:00,ETH-11AUG23,1,1
2023.08.05,0D21:00:00,BTC-29DEC23-27000-C,1,3
2023.08.05,0D21:00:00,ETH-29DEC23-2200-C,1,3
2023.08.05,0D21:00:00,BTC-25AUG23,1,0
2023.08.05,0D21:00:00,ETH-25AUG23,1,0
2023.08.05,0D22:00:00,BTC-29MAR24-23000-C,1,1
2023.08.05,0D22:00:00,ETH-29MAR24-3500-C,1,2
2023.08.05,0D22:00:00,BTC-29SEP23,1,2
2023.08.05,0D22:00:00,ETH-29SEP23,1,0
2023.08.05,0D23:00:00,BTC-28JUN24-24000-C,1,0
2023.08.05,0D23:00:00,ETH-28JUN24-1400-P,1,0
2023.08.05,0D23:00:00,BTC-29DEC23,1,0
2023.08.05,0D23:00:00,ETH-29DEC23,1,1
2023.08.06,0D00:00:00,BTC-8AUG23-29000-C,1,3
2023.08.06,0D00:00:00,ETH-8AUG23-1825-C,1,0
2023.08.06,0D00:00:00,BTC-29MAR24,1,0
2023.08.06,0D00:00:00,ETH-29MAR24,1,3
2023.08.06,0D01:00:00,BTC-8AUG23-29000-P,1,1
2023.08.06,0D01:00:00,ETH-8AUG23-1875-C,1,3
2023.08.06,0D01:00:00,BTC-28JUN24,1,2
2023.08.06,0D01:00:00,ETH-28JUN24,1,0
2023.08.06,0D02:00:00,BTC-8AUG23-29750-C,1,0
2023.08.06,0D02:00:00,ETH-8AUG23-1900-P,1,1
2023.08.06,0D02:00:00,BTC-11AUG23,1,0
2023.08.06,0D02:00:00,ETH-11AUG23,1,1
2023.08.06,0D03:00:00,BTC-8AUG23-29750-P,1,2
2023.08.06,0D03:00:00,ETH-8AUG23-1825-P,1,0
2023.08.06,0D03:00:00,BTC-25AUG23,1,3
2023.08.06,0D03:00:00,ETH-25AUG23,1,3
2023.08.06,0D04:00:00,BTC-8AUG23-30000-C,1,3
2023.08.06,0D04:00:00,ETH-8AUG23-1900-C,1,2
2023.08.06,0D04:00:00,BTC-29SEP23,1,1
2023.08.06,0D04:00:00,ETH-29SEP23,1,2
2023.08.06,0D05:00:00,BTC-11AUG23-25000-P,1,0
2023.08.06,0D05:00:00,ETH-11AUG23-1750-P,1,2
2023.08.06,0D05:00:00,BTC-29DEC23,1,0
2023.08.06,0D05:00:00,ETH-29DEC23,1,1
2023.08.06,0D06:00:00,BTC-11AUG23-29000-P,1,3
2023.08.06,0D06:00:00,ETH-11AUG23-1900-C,1,0
2023.08.06,0D06:00:00,BTC-29MAR24,1,1
2023.08.06,0D06:00:00,ETH-29MAR24,1,1
2023.08.06,0D07:00:00,ETH-11AUG23-1900-C,1,1
2023.08.06,0D07:00:00,BTC-11AUG23-23000-P,1,3
2023.08.06,0D07:00:00,BTC-28JUN24,1,1
2023.08.06,0D07:00:00,ETH-28JUN24,1,3
2023.08.06,0D08:00:00,BTC-18AUG23-28000-P,1,1
2023.08.06,0D08:00:00,ETH-18AUG23-1900-P,1,0
2023.08.06,0D08:00:00,BTC-11AUG23,1,3
2023.08.06,0D08:00:00,ETH-11AUG23,1,3
2023.08.06,0D09:00:00,BTC-18AUG23-28500-C,1,0
2023.08.06,0D09:00:00,ETH-18AUG23-1950-C,1,2
2023.08.06,0D09:00:00,BTC-25AUG23,1,2
2023.08.06,0D09:00:00,ETH-25AUG23,1,1
2023.08.06,0D10:00:00,BTC-18AUG23-28500-P,1,1
2023.08.06,0D10:00:00,ETH-18AUG23-1950-P,1,3
2023.08.06,0D10:00:00,BTC-29SEP23,1,0
2023.08.06,0D10:00:00,ETH-29SEP23,1,2
2023.08.06,0D11:00:00,BTC-18AUG23-29000-C,1,1
2023.08.06,0D11:00:00,ETH-18AUG23-1950-P,1,2
2023.08.06,0D11:00:00,BTC-29DEC23,1,3
2023.08.06,0D11:00:00,ETH-29DEC23,1,1
2023.08.06,0D12:00:00,BTC-25AUG23-31000-P,1,0
2023.08.06,0D12:00:00,ETH-25AUG23-2600-C,1,1
2023.08.06,0D12:00:00,BTC-29MAR24,1,2
2023.08.06,0D12:00:00,ETH-29MAR24,1,3
2023.08.06,0D13:00:00,BTC-25AUG23-32000-C,1,2
2023.08.06,0D13:00:00,ETH-25AUG23-2300-C,1,2
2023.08.06,0D13:00:00,BTC-28JUN24,1,1
2023.08.06,0D13:00:00,ETH-28JUN24,1,3
2023.08.06,0D14:00:00,BTC-25AUG23-33000-P,1,3
2023.08.06,0D14:00:00,ETH-25AUG23-2800-C,1,3
2023.08.06,0D14:00:00,BTC-11AUG23,1,0
2023.08.06,0D14:00:00,ETH-11AUG23,1,0
2023.08.06,0D15:00:00,BTC-29SEP23-24000-C,1,0
2023.08.06,0D15:00:00,ETH-29SEP23-3000-P,1,2
2023.08.06,0D15:00:00,BTC-25AUG23,1,0
2023.08.06,0D15:00:00,ETH-25AUG23,1,3
2023.08.06,0D16:00:00,BTC-29SEP23-24000-P,1,3
2023.08.06,0D16:00:00,ETH-29SEP23-2600-C,1,2
2023.08.06,0D16:00:00,BTC-29SEP23,1,0
2023.08.06,0D16:00:00,ETH-29SEP23,1,1
2023.08.06,0D17:00:00,BTC-29SEP23-25000-C,1,2
2023.08.06,0D17:00:00,ETH-29SEP23-2100-C,1,3
2023.08.06,0D17:00:00,BTC-29DEC23,1,3
2023.08.06,0D17:00:00,ETH-29DEC23,1,1
2023.08.06,0D18:00:00,BTC-27OCT23-24000-C,1,2
2023.08.06,0D18:00:00,ETH-27OCT23-2100-C,1,0
2023.08.06,0D18:00:00,BTC-29MAR24,1,1
2023.08.06,0D18:00:00,ETH-29MAR24,1,0
2023.08.06,0D19:00:00,BTC-27OCT23-26000-C,1,0
2023.08.06,0D19:00:00,ETH-27OCT23-2400-C,1,1
2023.08.06,0D19:00:00,BTC-28JUN24,1,2
2023.08.06,0D19:00:00,ETH-28JUN24,1,1
2023.08.06,0D20:00:00,BTC-29DEC23-26000-P,1,0
2023.08.06,0D20:00:00,ETH-29DEC23-2100-C,1,1
2023.08.06,0D20:00:00,BTC-11AUG23,1,0
2023.08.06,0D20:00:00,ETH-11AUG23,1,3
2023.08.06,0D21:00:00,BTC-29DEC23-27000-C,1,1
2023.08.06,0D21:00:00,ETH-29DEC23-2200-C,1,0
2023.08.06,0D21:00:00,BTC-25AUG23,1,0
2023.08.06,0D21:00:00,ETH-25AUG23,1,3
2023.08.06,0D22:00:00,BTC-29MAR24-23000-C,1,2
2023.08.06,0D22:00:00,ETH-29MAR24-3500-C,1,1
2023.08.06,0D22:00:00,BTC-29SEP23,1,3
2023.08.06,0D22:00:00,ETH-29SEP23,1,1
2023.08.06,0D23:00:00,BTC-28JUN24-24000-C,1,2
2023.08.06,0D23:00:00,ETH-28JUN24-1400-P,1,1
2023.08.06,0D23:00:00,BTC-29DEC23,1,0
2023.08.06,0D23:00:00,ETH-29DEC23,1,1
2023.08.07,0D00:00:00,BTC-9AUG23-31500-P,1,2
2023.08.07,0D00:00:00,ETH-9AUG23-2050-P,1,3
2023.08.07,0D00:00:00,BTC-29MAR24,1,2
2023.08.07,0D00:00:00,ETH-29MAR24,1,2
2023.08.07,0D01:00:00,ETH-9AUG23-1650-C,1,1
2023.08.07,0D01:00:00,BTC-9AUG23-28000-C,1,3
2023.08.07,0D01:00:00,BTC-28JUN24,1,2
2023.08.07,0D01:00:00,ETH-28JUN24,1,2
2023.08.07,0D02:00:00,ETH-9AUG23-1700-P,1,3
2023.08.07,0D02:00:00,BTC-9AUG23-31500-C,1,1
2023.08.07,0D02:00:00,BTC-11AUG23,1,1
2023.08.07,0D02:00:00,ETH-11AUG23,1,0
2023.08.07,0D03:00:00,ETH-9AUG23-1750-C,1,1
2023.08.07,0D03:00:00,BTC-9AUG23-29750-C,1,2
2023.08.07,0D03:00:00,BTC-25AUG23,1,2
2023.08.07,0D03:00:00,ETH-25AUG23,1,3
2023.08.07,0D04:00:00,ETH-9AUG23-1750-P,1,2
2023.08.07,0D04:00:00,BTC-9AUG23-29000-C,1,0
2023.08.07,0D04:00:00,BTC-29SEP23,1,3
2023.08.07,0D04:00:00,ETH-29SEP23,1,2
2023.08.07,0D05:00:00,BTC-11AUG23-25000-P,1,1
2023.08.07,0D05:00:00,ETH-11AUG23-1750-P,1,2
2023.08.07,0D05:00:00,BTC-29DEC23,1,2
2023.08.07,0D05:00:00,ETH-29DEC23,1,1
2023.08.07,0D06:00:00,BTC-11AUG23-29000-P,1,2
2023.08.07,0D06:00:00,ETH-11AUG23-1900-C,1,3
2023.08.07,0D06:00:00,BTC-29MAR24,1,3
2023.08.07,0D06:00:00,ETH-29MAR24,1,0
2023.08.07,0D07:00:00,ETH-11AUG23-1900-C,1,0
2023.08.07,0D07:00:00,BTC-11AUG23-23000-P,1,3
2023.08.07,0D07:00:00,BTC-28JUN24,1,1
2023.08.07,0D07:00:00,ETH-28JUN24,1,3
2023.08.07,0D08:00:00,BTC-18AUG23-28000-P,1,2
2023.08.07,0D08:00:00,ETH-18AUG23-1900-P,1,1
2023.08.07,0D08:00:00,BTC-11AUG23,1,1
2023.08.07,0D08:00:00,ETH-11AUG23,1,1
2023.08.07,0D09:00:00,BTC-18AUG23-28500-C,1,3
2023.08.07,0D09:00:00,ETH-18AUG23-1950-C,1,2
2023.08.07,0D09:00:00,BTC-25AUG23,1,0
2023.08.07,0D09:00:00,ETH-25AUG23,1,3
2023.08.07,0D10:00:00,BTC-18AUG23-28500-P,1,2
2023.08.07,0D10:00:00,ETH-18AUG23-1950-P,1,1
2023.08.07,0D10:00:00,BTC-29SEP23,1,0
2023.08.07,0D10:00:00,ETH-29SEP23,1,2
2023.08.07,0D11:00:00,BTC-18AUG23-29000-C,1,3
2023.08.07,0D11:00:00,ETH-18AUG23-1950-P,1,0
2023.08.07,0D11:00:00,BTC-29DEC23,1,3
2023.08.07,0D11:00:00,ETH-29DEC23,1,1
2023.08.07,0D12:00:00,BTC-25AUG23-31000-P,1,2
2023.08.07,0D12:00:00,ETH-25AUG23-2600-C,1,2
2023.08.07,0D12:00:00,BTC-29MAR24,1,1
2023.08.07,0D12:00:00,ETH-29MAR24,1,1
2023.08.07,0D13:00:00,BTC-25AUG23-32000-C,1,1
2023.08.07,0D13:00:00,ETH-25AUG23-2300-C,1,0
2023.08.07,0D13:00:00,BTC-28JUN24,1,1
2023.08.07,0D13:00:00,ETH-28JUN24,1,3
2023.08.07,0D14:00:00,BTC-25AUG23-33000-P,1,0
2023.08.07,0D14:00:00,ETH-25AUG23-2800-C,1,3
2023.08.07,0D14:00:00,BTC-11AUG23,1,0
2023.08.07,0D14:00:00,ETH-11AUG23,1,3
2023.08.07,0D15:00:00,BTC-29SEP23-24000-C,1,3
2023.08.07,0D15:00:00,ETH-29SEP23-3000-P,1,3
2023.08.07,0D15:00:00,BTC-25AUG23,1,1
2023.08.07,0D15:00:00,ETH-25AUG23,1,1
2023.08.07,0D16:00:00,BTC-29SEP23-24000-P,1,2
2023.08.07,0D16:00:00,ETH-29SEP23-2600-C,1,3
2023.08.07,0D16:00:00,BTC-29SEP23,1,1
2023.08.07,0D16:00:00,ETH-29SEP23,1,3
2023.08.07,0D17:00:00,BTC-29SEP23-25000-C,1,3
2023.08.07,0D17:00:00,ETH-29SEP23-2100-C,1,2
2023.08.07,0D17:00:00,BTC-29DEC23,1,0
2023.08.07,0D17:00:00,ETH-29DEC23,1,0
2023.08.07,0D18:00:00,BTC-27OCT23-24000-C,1,2
2023.08.07,0D18:00:00,ETH-27OCT23-2100-C,1,3
2023.08.07,0D18:00:00,BTC-29MAR24,1,1
2023.08.07,0D18:00:00,ETH-29MAR24,1,1
2023.08.07,0D19:00:00,BTC-27OCT23-26000-C,1,0
2023.08.07,0D19:00:00,ETH-27OCT23-2400-C,1,0
2023.08.07,0D19:00:00,BTC-28JUN24,1,0
2023.08.07,0D19:00:00,ETH-28JUN24,1,0
2023.08.07,0D20:00:00,BTC-29DEC23-26000-P,1,2
2023.08.07,0D20:00:00,ETH-29DEC23-2100-C,1,2
2023.08.07,0D20:00:00,BTC-11AUG23,1,2
2023.08.07,0D20:00:00,ETH-11AUG23,1,1
2023.08.07,0D21:00:00,BTC-29DEC23-27000-C,1,0
2023.08.07,0D21:00:00,ETH-29DEC23-2200-C,1,3
2023.08.07,0D21:00:00,BTC-25AUG23,1,1
2023.08.07,0D21:00:00,ETH-25AUG23,1,0
2023.08.07,0D22:00:00,BTC-29MAR24-23000-C,1,1
2023.08.07,0D22:00:00,ETH-29MAR24-3500-C,1,3
2023.08.07,0D22:00:00,BTC-29SEP23,1,2
2023.08.07,0D22:00:00,ETH-29SEP23,1,3
2023.08.07,0D23:00:00,BTC-28JUN24-24000-C,1,0
2023.08.07,0D23:00:00,ETH-28JUN24-1400-P,1,0
2023.08.07,0D23:00:00,BTC-29DEC23,1,2
2023.08.07,0D23:00:00,ETH-29DEC23,1,2
2023.08.08,0D00:00:00,BTC-27OCT23-26000-C,1,2
2023.08.08,0D00:00:00,ETH-27OCT23-2400-C,1,0
2023.08.08,0D00:00:00,BTC-29MAR24,1,2
2023.08.08,0D00:00:00,ETH-29MAR24,1,2
2023.08.08,0D01:00:00,BTC-29DEC23-26000-P,1,2
2023.08.08,0D01:00:00,ETH-29DEC23-2100-C,1,1
2023.08.08,0D01:00:00,BTC-28JUN24,1,0
2023.08.08,0D01:00:00,ETH-28JUN24,1,3
2023.08.08,0D02:00:00,BTC-29DEC23-27000-C,1,1
2023.08.08,0D02:00:00,ETH-29DEC23-2200-C,1,3
2023.08.08,0D02:00:00,BTC-11AUG23,1,2
2023.08.08,0D02:00:00,ETH-11AUG23,1,1
2023.08.08,0D03:00:00,BTC-29MAR24-23000-C,1,0
2023.08.08,0D03:00:00,ETH-29MAR24-3500-C,1,1
2023.08.08,0D03:00:00,BTC-25AUG23,1,2
2023.08.08,0D03:00:00,ETH-25AUG23,1,3
2023.08.08,0D04:00:00,BTC-28JUN24-24000-C,1,0
2023.08.08,0D04:00:00,ETH-28JUN24-1400-P,1,3
2023.08.08,0D04:00:00,BTC-29SEP23,1,0
2023.08.08,0D04:00:00,ETH-29SEP23,1,1
2023.08.08,0D05:00:00,BTC-11AUG23-25000-P,1,3
2023.08.08,0D05:00:00,ETH-11AUG23-1750-P,1,3
2023.08.08,0D05:00:00,BTC-29DEC23,1,0
2023.08.08,0D05:00:00,ETH-29DEC23,1,1
2023.08.08,0D06:00:00,BTC-11AUG23-29000-P,1,2
2023.08.08,0D06:00:00,ETH-11AUG23-1900-C,1,1
2023.08.08,0D06:00:00,BTC-29MAR24,1,2
2023.08.08,0D06:00:00,ETH-29MAR24,1,2
2023.08.08,0D07:00:00,ETH-11AUG23-1900-C,1,3
2023.08.08,0D07:00:00,BTC-11AUG23-23000-P,1,3
2023.08.08,0D07:00:00,BTC-28JUN24,1,0
2023.08.08,0D07:00:00,ETH-28JUN24,1,2
2023.08.08,0D08:00:00,BTC-18AUG23-28000-P,1,2
2023.08.08,0D08:00:00,ETH-18AUG23-1900-P,1,0
2023.08.08,0D08:00:00,BTC-11AUG23,1,3
2023.08.08,0D08:00:00,ETH-11AUG23,1,1
2023.08.08,0D09:00:00,BTC-18AUG23-28500-C,1,1
2023.08.08,0D09:00:00,ETH-18AUG23-1950-C,1,0
2023.08.08,0D09:00:00,BTC-25AUG23,1,2
2023.08.08,0D09:00:00,ETH-25AUG23,1,0
2023.08.08,0D10:00:00,BTC-18AUG23-28500-P,1,2
2023.08.08,0D10:00:00,ETH-18AUG23-1950-P,1,1
2023.08.08,0D10:00:00,BTC-29SEP23,1,2
2023.08.08,0D10:00:00,ETH-29SEP23,1,0
2023.08.08,0D11:00:00,BTC-18AUG23-29000-C,1,0
2023.08.08,0D11:00:00,ETH-18AUG23-1950-P,1,0
2023.08.08,0D11:00:00,BTC-29DEC23,1,0
2023.08.08,0D11:00:00,ETH-29DEC23,1,1
2023.08.08,0D12:00:00,BTC-25AUG23-31000-P,1,0
2023.08.08,0D12:00:00,ETH-25AUG23-2600-C,1,3
2023.08.08,0D12:00:00,BTC-29MAR24,1,3
2023.08.08,0D12:00:00,ETH-29MAR24,1,0
2023.08.08,0D13:00:00,BTC-25AUG23-32000-C,1,2
2023.08.08,0D13:00:00,ETH-25AUG23-2300-C,1,0
2023.08.08,0D13:00:00,BTC-28JUN24,1,2
2023.08.08,0D13:00:00,ETH-28JUN24,1,2
2023.08.08,0D14:00:00,BTC-25AUG23-33000-P,1,3
2023.08.08,0D14:00:00,ETH-25AUG23-2800-C,1,0
2023.08.08,0D14:00:00,BTC-11AUG23,1,1
2023.08.08,0D14:00:00,ETH-11AUG23,1,3
2023.08.08,0D15:00:00,BTC-29SEP23-24000-C,1,1
2023.08.08,0D15:00:00,ETH-29SEP23-3000-P,1,0
2023.08.08,0D15:00:00,BTC-25AUG23,1,2
2023.08.08,0D15:00:00,ETH-25AUG23,1,2
2023.08.08,0D16:00:00,BTC-29SEP23-24000-P,1,0
2023.08.08,0D16:00:00,ETH-29SEP23-2600-C,1,0
2023.08.08,0D16:00:00,BTC-29SEP23,1,1
2023.08.08,0D16:00:00,ETH-29SEP23,1,1
2023.08.08,0D17:00:00,BTC-29SEP23-25000-C,1,0
2023.08.08,0D17:00:00,ETH-29SEP23-2100-C,1,2
2023.08.08,0D17:00:00,BTC-29DEC23,1,0
2023.08.08,0D17:00:00,ETH-29DEC23,1,2
2023.08.08,0D18:00:00,BTC-27OCT23-24000-C,1,1
2023.08.08,0D18:00:00,ETH-27OCT23-2100-C,1,0
2023.08.08,0D18:00:00,BTC-29MAR24,1,3
2023.08.08,0D18:00:00,ETH-29MAR24,1,1
2023.08.08,0D19:00:00,BTC-27OCT23-26000-C,1,3
2023.08.08,0D19:00:00,ETH-27OCT23-2400-C,1,2
2023.08.08,0D19:00:00,BTC-28JUN24,1,3
2023.08.08,0D19:00:00,ETH-28JUN24,1,1
2023.08.08,0D20:00:00,BTC-29DEC23-26000-P,1,0
2023.08.08,0D20:00:00,ETH-29DEC23-2100-C,1,0
2023.08.08,0D20:00:00,BTC-11AUG23,1,0
2023.08.08,0D20:00:00,ETH-11AUG23,1,0
2023.08.08,0D21:00:00,BTC-29DEC23-27000-C,1,0
2023.08.08,0D21:00:00,ETH-29DEC23-2200-C,1,1
2023.08.08,0D21:00:00,BTC-25AUG23,1,3
2023.08.08,0D21:00:00,ETH-25AUG23,1,3
2023.08.08,0D22:00:00,BTC-29MAR24-23000-C,1,2
2023.08.08,0D22:00:00,ETH-29MAR24-3500-C,1,0
2023.08.08,0D22:00:00,BTC-29SEP23,1,2
2023.08.08,0D22:00:00,ETH-29SEP23,1,3
2023.08.08,0D23:00:00,BTC-28JUN24-24000-C,1,2
2023.08.08,0D23:00:00,ETH-28JUN24-1400-P,1,0
2023.08.08,0D23:00:00,BTC-29DEC23,1,1
2023.08.08,0D23:00:00,ETH-29DEC23,1,0
2023.08.09,0D00:00:00,BTC-27OCT23-26000-C,1,2
2023.08.09,0D00:00:00,ETH-27OCT23-2400-C,1,2
2023.08.09,0D00:00:00,BTC-29MAR24,1,2
2023.08.09,0D00:00:00,ETH-29MAR24,1,2
2023.08.09,0D01:00:00,BTC-29DEC23-26000-P,1,0
2023.08.09,0D01:00:00,ETH-29DEC23-2100-C,1,2
2023.08.09,0D01:00:00,BTC-28JUN24,1,0
2023.08.09,0D01:00:00,ETH-28JUN24,1,2
2023.08.09,0D02:00:00,BTC-29DEC23-27000-C,1,2
2023.08.09,0D02:00:00,ETH-29DEC23-2200-C,1,1
2023.08.09,0D02:00:00,BTC-11AUG23,1,3
2023.08.09,0D02:00:00,ETH-11AUG23,1,3
2023.08.09,0D03:00:00,BTC-29MAR24-23000-C,1,3
2023.08.09,0D03:00:00,ETH-29MAR24-3500-C,1,0
2023.08.09,0D03:00:00,BTC-25AUG23,1,3
2023.08.09,0D03:00:00,ETH-25AUG23,1,0
2023.08.09,0D04:00:00,BTC-28JUN24-24000-C,1,2
2023.08.09,0D04:00:00,ETH-28JUN24-1400-P,1,1
2023.08.09,0D04:00:00,BTC-29SEP23,1,1
2023.08.09,0D04:00:00,ETH-29SEP23,1,1
2023.08.09,0D05:00:00,BTC-11AUG23-25000-P,1,2
2023.08.09,0D05:00:00,ETH-11AUG23-1750-P,1,3
2023.08.09,0D05:00:00,BTC-29DEC23,1,1
2023.08.09,0D05:00:00,ETH-29DEC23,1,0
2023.08.09,0D06:00:00,BTC-11AUG23-29000-P,1,2
2023.08.09,0D06:00:00,ETH-11AUG23-1900-C,1,0
2023.08.09,0D06:00:00,BTC-29MAR24,1,1
2023.08.09,0D06:00:00,ETH-29MAR24,1,3
2023.08.09,0D07:00:00,ETH-11AUG23-1900-C,1,1
2023.08.09,0D07:00:00,BTC-11AUG23-23000-P,1,3
2023.08.09,0D07:00:00,BTC-28JUN24,1,2
2023.08.09,0D07:00:00,ETH-28JUN24,1,3
2023.08.09,0D08:00:00,BTC-18AUG23-28000-P,1,1
2023.08.09,0D08:00:00,ETH-18AUG23-1900-P,1,2
2023.08.09,0D08:00:00,BTC-11AUG23,1,2
2023.08.09,0D08:00:00,ETH-11AUG23,1,3
2023.08.09,0D09:00:00,BTC-18AUG23-28500-C,1,1
2023.08.09,0D09:00:00,ETH-18AUG23-1950-C,1,0
2023.08.09,0D09:00:00,BTC-25AUG23,1,0
2023.08.09,0D09:00:00,ETH-25AUG23,1,0
2023.08.09,0D10:00:00,BTC-18AUG23-28500-P,1,1
2023.08.09,0D10:00:00,ETH-18AUG23-1950-P,1,2
2023.08.09,0D10:00:00,BTC-29SEP23,1,0
2023.08.09,0D10:00:00,ETH-29SEP23,1,3
2023.08.09,0D11:00:00,BTC-18AUG23-29000-C,1,0
2023.08.09,0D11:00:00,ETH-18AUG23-1950-P,1,1
2023.08.09,0D11:00:00,BTC-29DEC23,1,2
2023.08.09,0D11:00:00,ETH-29DEC23,1,1
2023.08.09,0D12:00:00,BTC-25AUG23-31000-P,1,3
2023.08.09,0D12:00:00,ETH-25AUG23-2600-C,1,0
2023.08.09,0D12:00:00,BTC-29MAR24,1,0
2023.08.09,0D12:00:00,ETH-29MAR24,1,0
2023.08.09,0D13:00:00,BTC-25AUG23-32000-C,1,3
2023.08.09,0D13:00:00,ETH-25AUG23-2300-C,1,3
2023.08.09,0D13:00:00,BTC-28JUN24,1,2
2023.08.09,0D13:00:00,ETH-28JUN24,1,1
2023.08.09,0D14:00:00,BTC-25AUG23-33000-P,1,3
2023.08.09,0D14:00:00,ETH-25AUG23-2800-C,1,0
2023.08.09,0D14:00:00,BTC-11AUG23,1,2
2023.08.09,0D14:00:00,ETH-11AUG23,1,0
2023.08.09,0D15:00:00,BTC-29SEP23-24000-C,1,1
2023.08.09,0D15:00:00,ETH-29SEP23-3000-P,1,2
2023.08.09,0D15:00:00,BTC-25AUG23,1,2
2023.08.09,0D15:00:00,ETH-25AUG23,1,0
2023.08.09,0D16:00:00,BTC-29SEP23-24000-P,1,2
2023.08.09,0D16:00:00,ETH-29SEP23-2600-C,1,0
2023.08.09,0D16:00:00,BTC-29SEP23,1,3
2023.08.09,0D16:00:00,ETH-29SEP23,1,1
2023.08.09,0D17:00:00,BTC-29SEP23-25000-C,1,2
2023.08.09,0D17:00:00,ETH-29SEP23-2100-C,1,0
2023.08.09,0D17:00:00,BTC-29DEC23,1,1
2023.08.09,0D17:00:00,ETH-29DEC23,1,1
2023.08.09,0D18:00:00,BTC-27OCT23-24000-C,1,2
2023.08.09,0D18:00:00,ETH-27OCT23-2100-C,1,1
2023.08.09,0D18:00:00,BTC-29MAR24,1,2
2023.08.09,0D18:00:00,ETH-29MAR24,1,1
2023.08.09,0D19:00:00,BTC-27OCT23-26000-C,1,0
2023.08.09,0D19:00:00,ETH-27OCT23-2400-C,1,2
2023.08.09,0D19:00:00,BTC-28JUN24,1,0
2023.08.09,0D19:00:00,ETH-28JUN24,1,1
2023.08.09,0D20:00:00,BTC-29DEC23-26000-P,1,3
2023.08.09,0D20:00:00,ETH-29DEC23-2100-C,1,1
2023.08.09,0D20:00:00,BTC-11AUG23,1,2
2023.08.09,0D20:00:00,ETH-11AUG23,1,2
2023.08.09,0D21:00:00,BTC-29DEC23-27000-C,1,2
2023.08.09,0D21:00:00,ETH-29DEC23-2200-C,1,1
2023.08.09,0D21:00:00,BTC-25AUG23,1,3
2023.08.09,0D21:00:00,ETH-25AUG23,1,0
2023.08.09,0D22:00:00,BTC-29MAR24-23000-C,1,2
2023.08.09,0D22:00:00,ETH-29MAR24-3500-C,1,1
2023.08.09,0D22:00:00,BTC-29SEP23,1,0
2023.08.09,0D22:00:00,ETH-29SEP23,1,2
2023.08.09,0D23:00:00,BTC-28JUN24-24000-C,1,3
2023.08.09,0D23:00:00,ETH-28JUN24-1400-P,1,3
2023.08.09,0D23:00:00,BTC-29DEC23,1,2
2023.08.09,0D23:00:00,ETH-29DEC23,1,0
2023.08.10,0D00:00:00,BTC-11AUG23-25000-P,1,3
2023.08.10,0D00:00:00,ETH-11AUG23-1750-P,1,2
2023.08.10,0D00:00:00,BTC-29MAR24,1,3
2023.08.10,0D00:00:00,ETH-29MAR24,1,3
2023.08.10,0D01:00:00,BTC-11AUG23-29000-P,1,0
2023.08.10,0D01:00:00,ETH-11AUG23-1900-C,1,0
2023.08.10,0D01:00:00,BTC-28JUN24,1,2
2023.08.10,0D01:00:00,ETH-28JUN24,1,2
2023.08.10,0D02:00:00,ETH-11AUG23-1900-C,1,1
2023.08.10,0D02:00:00,BTC-11AUG23-23000-P,1,0
2023.08.10,0D02:00:00,BTC-25AUG23,1,0
2023.08.10,0D02:00:00,ETH-25AUG23,1,1
2023.08.10,0D03:00:00,BTC-27OCT23-26000-C,1,3
2023.08.10,0D03:00:00,ETH-27OCT23-2400-C,1,1
2023.08.10,0D03:00:00,BTC-29SEP23,1,0
2023.08.10,0D03:00:00,ETH-29SEP23,1,1
2023.08.10,0D04:00:00,BTC-29DEC23-26000-P,1,1
2023.08.10,0D04:00:00,ETH-29DEC23-2100-C,1,2
2023.08.10,0D04:00:00,BTC-29DEC23,1,1
2023.08.10,0D04:00:00,ETH-29DEC23,1,2
2023.08.10,0D05:00:00,BTC-29DEC23-27000-C,1,1
2023.08.10,0D05:00:00,ETH-29DEC23-2200-C,1,3
2023.08.10,0D05:00:00,BTC-29MAR24,1,1
2023.08.10,0D05:00:00,ETH-29MAR24,1,1
2023.08.10,0D06:00:00,BTC-29MAR24-23000-C,1,3
2023.08.10,0D06:00:00,ETH-29MAR24-3500-C,1,1
2023.08.10,0D06:00:00,BTC-28JUN24,1,1
2023.08.10,0D06:00:00,ETH-28JUN24,1,1
2023.08.10,0D07:00:00,BTC-28JUN24-24000-C,1,3
2023.08.10,0D07:00:00,ETH-28JUN24-1400-P,1,2
2023.08.10,0D07:00:00,BTC-25AUG23,1,3
2023.08.10,0D07:00:00,ETH-25AUG23,1,1
2023.08.10,0D08:00:00,BTC-18AUG23-28000-P,1,2
2023.08.10,0D08:00:00,ETH-18AUG23-1900-P,1,0
2023.08.10,0D08:00:00,BTC-29SEP23,1,3
2023.08.10,0D08:00:00,ETH-29SEP23,1,1
2023.08.10,0D09:00:00,BTC-18AUG23-28500-C,1,0
2023.08.10,0D09:00:00,ETH-18AUG23-1950-C,1,2
2023.08.10,0D09:00:00,BTC-29DEC23,1,0
2023.08.10,0D09:00:00,ETH-29DEC23,1,3
2023.08.10,0D10:00:00,BTC-18AUG23-28500-P,1,0
2023.08.10,0D10:00:00,ETH-18AUG23-1950-P,1,1
2023.08.10,0D10:00:00,BTC-29MAR24,1,1
2023.08.10,0D10:00:00,ETH-29MAR24,1,3
2023.08.10,0D11:00:00,BTC-18AUG23-29000-C,1,2
2023.08.10,0D11:00:00,ETH-18AUG23-1950-P,1,2
2023.08.10,0D11:00:00,BTC-28JUN24,1,3
2023.08.10,0D11:00:00,ETH-28JUN24,1,2
2023.08.10,0D12:00:00,BTC-25AUG23-31000-P,1,3
2023.08.10,0D12:00:00,ETH-25AUG23-2600-C,1,1
2023.08.10,0D12:00:00,BTC-25AUG23,1,0
2023.08.10,0D12:00:00,ETH-25AUG23,1,1
2023.08.10,0D13:00:00,BTC-25AUG23-32000-C,1,1
2023.08.10,0D13:00:00,ETH-25AUG23-2300-C,1,3
2023.08.10,0D13:00:00,BTC-29SEP23,1,0
2023.08.10,0D13:00:00,ETH-29SEP23,1,1
2023.08.10,0D14:00:00,BTC-25AUG23-33000-P,1,2
2023.08.10,0D14:00:00,ETH-25AUG23-2800-C,1,2
2023.08.10,0D14:00:00,BTC-29DEC23,1,0
2023.08.10,0D14:00:00,ETH-29DEC23,1,0
2023.08.10,0D15:00:00,BTC-29SEP23-24000-C,1,0
2023.08.10,0D15:00:00,ETH-29SEP23-3000-P,1,1
2023.08.10,0D15:00:00,BTC-29MAR24,1,2
2023.08.10,0D15:00:00,ETH-29MAR24,1,0
2023.08.10,0D16:00:00,BTC-29SEP23-24000-P,1,1
2023.08.10,0D16:00:00,ETH-29SEP23-2600-C,1,0
2023.08.10,0D16:00:00,BTC-28JUN24,1,3
2023.08.10,0D16:00:00,ETH-28JUN24,1,0
2023.08.10,0D17:00:00,BTC-29SEP23-25000-C,1,0
2023.08.10,0D17:00:00,ETH-29SEP23-2100-C,1,1
2023.08.10,0D17:00:00,BTC-25AUG23,1,0
2023.08.10,0D17:00:00,ETH-25AUG23,1,2
2023.08.10,0D18:00:00,BTC-27OCT23-24000-C,1,3
2023.08.10,0D18:00:00,ETH-27OCT23-2100-C,1,2
2023.08.10,0D18:00:00,BTC-29SEP23,1,0
2023.08.10,0D18:00:00,ETH-29SEP23,1,2
2023.08.10,0D19:00:00,BTC-27OCT23-26000-C,1,3
2023.08.10,0D19:00:00,ETH-27OCT23-2400-C,1,1
2023.08.10,0D19:00:00,BTC-29DEC23,1,2
2023.08.10,0D19:00:00,ETH-29DEC23,1,0
2023.08.10,0D20:00:00,BTC-29DEC23-26000-P,1,2
2023.08.10,0D20:00:00,ETH-29DEC23-2100-C,1,3
2023.08.10,0D20:00:00,BTC-29MAR24,1,3
2023.08.10,0D20:00:00,ETH-29MAR24,1,2
2023.08.10,0D21:00:00,BTC-29DEC23-27000-C,1,1
2023.08.10,0D21:00:00,ETH-29DEC23-2200-C,1,2
2023.08.10,0D21:00:00,BTC-28JUN24,1,2
2023.08.10,0D21:00:00,ETH-28JUN24,1,1
2023.08.10,0D22:00:00,BTC-29MAR24-23000-C,1,2
2023.08.10,0D22:00:00,ETH-29MAR24-3500-C,1,3
2023.08.10,0D22:00:00,BTC-25AUG23,1,3
2023.08.10,0D22:00:00,ETH-25AUG23,1,0
2023.08.10,0D23:00:00,BTC-28JUN24-24000-C,1,0
2023.08.10,0D23:00:00,ETH-28JUN24-1400-P,1,2
2023.08.10,0D23:00:00,BTC-29SEP23,1,0
2023.08.10,0D23:00:00,ETH-29SEP23,1,1
2023.08.11,0D00:00:00,BTC-29MAR24-23000-C,1,0
2023.08.11,0D00:00:00,ETH-29MAR24-3500-C,1,0
2023.08.11,0D00:00:00,BTC-29MAR24,1,0
2023.08.11,0D00:00:00,ETH-29MAR24,1,3
2023.08.11,0D01:00:00,BTC-18AUG23-28000-P,1,0
2023.08.11,0D01:00:00,ETH-18AUG23-1900-P,1,0
2023.08.11,0D01:00:00,BTC-28JUN24,1,2
2023.08.11,0D01:00:00,ETH-28JUN24,1,2
2023.08.11,0D02:00:00,BTC-29DEC23-26000-P,1,3
2023.08.11,0D02:00:00,ETH-29DEC23-2100-C,1,0
2023.08.11,0D02:00:00,BTC-25AUG23,1,2
2023.08.11,0D02:00:00,ETH-25AUG23,1,2
2023.08.11,0D03:00:00,BTC-27OCT23-26000-C,1,1
2023.08.11,0D03:00:00,ETH-27OCT23-2400-C,1,3
2023.08.11,0D03:00:00,BTC-29SEP23,1,3
2023.08.11,0D03:00:00,ETH-29SEP23,1,2
2023.08.11,0D04:00:00,BTC-29DEC23-26000-P,1,2
2023.08.11,0D04:00:00,ETH-29DEC23-2100-C,1,2
2023.08.11,0D04:00:00,BTC-29DEC23,1,2
2023.08.11,0D04:00:00,ETH-29DEC23,1,0
2023.08.11,0D05:00:00,BTC-29DEC23-27000-C,1,3
2023.08.11,0D05:00:00,ETH-29DEC23-2200-C,1,2
2023.08.11,0D05:00:00,BTC-29MAR24,1,2
2023.08.11,0D05:00:00,ETH-29MAR24,1,0
2023.08.11,0D06:00:00,BTC-29MAR24-23000-C,1,2
2023.08.11,0D06:00:00,ETH-29MAR24-3500-C,1,3
2023.08.11,0D06:00:00,BTC-28JUN24,1,2
2023.08.11,0D06:00:00,ETH-28JUN24,1,2
2023.08.11,0D07:00:00,BTC-28JUN24-24000-C,1,1
2023.08.11,0D07:00:00,ETH-28JUN24-1400-P,1,0
2023.08.11,0D07:00:00,BTC-25AUG23,1,2
2023.08.11,0D07:00:00,ETH-25AUG23,1,0
2023.08.11,0D08:00:00,BTC-18AUG23-28000-P,1,1
2023.08.11,0D08:00:00,ETH-18AUG23-1900-P,1,1
2023.08.11,0D08:00:00,BTC-29SEP23,1,1
2023.08.11,0D08:00:00,ETH-29SEP23,1,3
2023.08.11,0D09:00:00,BTC-18AUG23-28500-C,1,1
2023.08.11,0D09:00:00,ETH-18AUG23-1950-C,1,2
2023.08.11,0D09:00:00,BTC-29DEC23,1,2
2023.08.11,0D09:00:00,ETH-29DEC23,1,0
2023.08.11,0D10:00:00,BTC-18AUG23-28500-P,1,2
2023.08.11,0D10:00:00,ETH-18AUG23-1950-P,1,2
2023.08.11,0D10:00:00,BTC-29MAR24,1,1
2023.08.11,0D10:00:00,ETH-29MAR24,1,3
2023.08.11,0D11:00:00,BTC-18AUG23-29000-C,1,2
2023.08.11,0D11:00:00,ETH-18AUG23-1950-P,1,0
2023.08.11,0D11:00:00,BTC-28JUN24,1,3
2023.08.11,0D11:00:00,ETH-28JUN24,1,0
2023.08.11,0D12:00:00,BTC-25AUG23-31000-P,1,2
2023.08.11,0D12:00:00,ETH-25AUG23-2600-C,1,2
2023.08.11,0D12:00:00,BTC-25AUG23,1,2
2023.08.11,0D12:00:00,ETH-25AUG23,1,1
2023.08.11,0D13:00:00,BTC-25AUG23-32000-C,1,1
2023.08.11,0D13:00:00,ETH-25AUG23-2300-C,1,1
2023.08.11,0D13:00:00,BTC-29SEP23,1,1
2023.08.11,0D13:00:00,ETH-29SEP23,1,1
2023.08.11,0D14:00:00,BTC-25AUG23-33000-P,1,0
2023.08.11,0D14:00:00,ETH-25AUG23-2800-C,1,0
2023.08.11,0D14:00:00,BTC-29DEC23,1,3
2023.08.11,0D14:00:00,ETH-29DEC23,1,1
2023.08.11,0D15:00:00,BTC-29SEP23-24000-C,1,3
2023.08.11,0D15:00:00,ETH-29SEP23-3000-P,1,3
2023.08.11,0D15:00:00,BTC-29MAR24,1,3
2023.08.11,0D15:00:00,ETH-29MAR24,1,3
2023.08.11,0D16:00:00,BTC-29SEP23-24000-P,1,2
2023.08.11,0D16:00:00,ETH-29SEP23-2600-C,1,0
2023.08.11,0D16:00:00,BTC-28JUN24,1,3
2023.08.11,0D16:00:00,ETH-28JUN24,1,3
2023.08.11,0D17:00:00,BTC-29SEP23-25000-C,1,0
2023.08.11,0D17:00:00,ETH-29SEP23-2100-C,1,1
2023.08.11,0D17:00:00,BTC-25AUG23,1,3
2023.08.11,0D17:00:00,ETH-25AUG23,1,3
2023.08.11,0D18:00:00,BTC-27OCT23-24000-C,1,0
2023.08.11,0D18:00:00,ETH-27OCT23-2100-C,1,2
2023.08.11,0D18:00:00,BTC-29SEP23,1,1
2023.08.11,0D18:00:00,ETH-29SEP23,1,0
2023.08.11,0D19:00:00,BTC-27OCT23-26000-C,1,3
2023.08.11,0D19:00:00,ETH-27OCT23-2400-C,1,2
2023.08.11,0D19:00:00,BTC-29DEC23,1,0
2023.08.11,0D19:00:00,ETH-29DEC23,1,2
2023.08.11,0D20:00:00,BTC-29DEC23-26000-P,1,3
2023.08.11,0D20:00:00,ETH-29DEC23-2100-C,1,0
2023.08.11,0D20:00:00,BTC-29MAR24,1,2
2023.08.11,0D20:00:00,ETH-29MAR24,1,1
2023.08.11,0D21:00:00,BTC-29DEC23-27000-C,1,1
2023.08.11,0D21:00:00,ETH-29DEC23-2200-C,1,2
2023.08.11,0D21:00:00,BTC-28JUN24,1,0
2023.08.11,0D21:00:00,ETH-28JUN24,1,3
2023.08.11,0D22:00:00,BTC-29MAR24-23000-C,1,0
2023.08.11,0D22:00:00,ETH-29MAR24-3500-C,1,0
2023.08.11,0D22:00:00,BTC-25AUG23,1,0
2023.08.11,0D22:00:00,ETH-25AUG23,1,3
2023.08.11,0D23:00:00,BTC-28JUN24-24000-C,1,1
2023.08.11,0D23:00:00,ETH-28JUN24-1400-P,1,3
2023.08.11,0D23:00:00,BTC-29SEP23,1,0
2023.08.11,0D23:00:00,ETH-29SEP23,1,1
2023.08.12,0D00:00:00,BTC-29MAR24-23000-C,1,1
2023.08.12,0D00:00:00,ETH-29MAR24-3500-C,1,2
2023.08.12,0D00:00:00,BTC-29MAR24,1,1
2023.08.12,0D00:00:00,ETH-29MAR24,1,0
2023.08.12,0D01:00:00,BTC-18AUG23-28000-P,1,0
2023.08.12,0D01:00:00,ETH-18AUG23-1900-P,1,0
2023.08.12,0D01:00:00,BTC-28JUN24,1,0
2023.08.12,0D01:00:00,ETH-28JUN24,1,2
2023.08.12,0D02:00:00,BTC-29DEC23-26000-P,1,1
2023.08.12,0D02:00:00,ETH-29DEC23-2100-C,1,1
2023.08.12,0D02:00:00,BTC-25AUG23,1,1
2023.08.12,0D02:00:00,ETH-25AUG23,1,1
2023.08.12,0D03:00:00,BTC-27OCT23-26000-C,1,1
2023.08.12,0D03:00:00,ETH-27OCT23-2400-C,1,0
2023.08.12,0D03:00:00,BTC-29SEP23,1,0
2023.08.12,0D03:00:00,ETH-29SEP23,1,0
2023.08.12,0D04:00:00,BTC-29DEC23-26000-P,1,2
2023.08.12,0D04:00:00,ETH-29DEC23-2100-C,1,2
2023.08.12,0D04:00:00,BTC-29DEC23,1,1
2023.08.12,0D04:00:00,ETH-29DEC23,1,1
2023.08.12,0D05:00:00,BTC-29DEC23-27000-C,1,0
2023.08.12,0D05:00:00,ETH-29DEC23-2200-C,1,2
2023.08.12,0D05:00:00,BTC-29MAR24,1,2
2023.08.12,0D05:00:00,ETH-29MAR24,1,3
2023.08.12,0D06:00:00,BTC-29MAR24-23000-C,1,3
2023.08.12,0D06:00:00,ETH-29MAR24-3500-C,1,0
2023.08.12,0D06:00:00,BTC-28JUN24,1,0
2023.08.12,0D06:00:00,ETH-28JUN24,1,3
2023.08.12,0D07:00:00,BTC-28JUN24-24000-C,1,1
2023.08.12,0D07:00:00,ETH-28JUN24-1400-P,1,2
2023.08.12,0D07:00:00,BTC-25AUG23,1,1
2023.08.12,0D07:00:00,ETH-25AUG23,1,0
2023.08.12,0D08:00:00,BTC-18AUG23-28000-P,1,0
2023.08.12,0D08:00:00,ETH-18AUG23-1900-P,1,3
2023.08.12,0D08:00:00,BTC-29SEP23,1,2
2023.08.12,0D08:00:00,ETH-29SEP23,1,1
2023.08.12,0D09:00:00,BTC-18AUG23-28500-C,1,2
2023.08.12,0D09:00:00,ETH-18AUG23-1950-C,1,3
2023.08.12,0D09:00:00,BTC-29DEC23,1,2
2023.08.12,0D09:00:00,ETH-29DEC23,1,0
2023.08.12,0D10:00:00,BTC-18AUG23-28500-P,1,0
2023.08.12,0D10:00:00,ETH-18AUG23-1950-P,1,2
2023.08.12,0D10:00:00,BTC-29MAR24,1,2
2023.08.12,0D10:00:00,ETH-29MAR24,1,3
2023.08.12,0D11:00:00,BTC-18AUG23-29000-C,1,3
2023.08.12,0D11:00:00,ETH-18AUG23-1950-P,1,0
2023.08.12,0D11:00:00,BTC-28JUN24,1,1
2023.08.12,0D11:00:00,ETH-28JUN24,1,0
2023.08.12,0D12:00:00,BTC-25AUG23-31000-P,1,1
2023.08.12,0D12:00:00,ETH-25AUG23-2600-C,1,1
2023.08.12,0D12:00:00,BTC-25AUG23,1,1
2023.08.12,0D12:00:00,ETH-25AUG23,1,0
2023.08.12,0D13:00:00,BTC-25AUG23-32000-C,1,2
2023.08.12,0D13:00:00,ETH-25AUG23-2300-C,1,0
2023.08.12,0D13:00:00,BTC-29SEP23,1,3
2023.08.12,0D13:00:00,ETH-29SEP23,1,0
2023.08.12,0D14:00:00,BTC-25AUG23-33000-P,1,1
2023.08.12,0D14:00:00,ETH-25AUG23-2800-C,1,2
2023.08.12,0D14:00:00,BTC-29DEC23,1,2
2023.08.12,0D14:00:00,ETH-29DEC23,1,3
2023.08.12,0D15:00:00,BTC-29SEP23-24000-C,1,1
2023.08.12,0D15:00:00,ETH-29SEP23-3000-P,1,1
2023.08.12,0D15:00:00,BTC-29MAR24,1,1
2023.08.12,0D15:00:00,ETH-29MAR24,1,0
2023.08.12,0D16:00:00,BTC-29SEP23-24000-P,1,0
2023.08.12,0D16:00:00,ETH-29SEP23-2600-C,1,2
2023.08.12,0D16:00:00,BTC-28JUN24,1,1
2023.08.12,0D16:00:00,ETH-28JUN24,1,1
2023.08.12,0D17:00:00,BTC-29SEP23-25000-C,1,3
2023.08.12,0D17:00:00,ETH-29SEP23-2100-C,1,0
2023.08.12,0D17:00:00,BTC-25AUG23,1,3
2023.08.12,0D17:00:00,ETH-25AUG23,1,1
2023.08.12,0D18:00:00,BTC-27OCT23-24000-C,1,0
2023.08.12,0D18:00:00,ETH-27OCT23-2100-C,1,0
2023.08.12,0D18:00:00,BTC-29SEP23,1,3
2023.08.12,0D18:00:00,ETH-29SEP23,1,2
2023.08.12,0D19:00:00,BTC-27OCT23-26000-C,1,2
2023.08.12,0D19:00:00,ETH-27OCT23-2400-C,1,3
2023.08.12,0D19:00:00,BTC-29DEC23,1,3
2023.08.12,0D19:00:00,ETH-29DEC23,1,2
2023.08.12,0D20:00:00,BTC-29DEC23-26000-P,1,1
2023.08.12,0D20:00:00,ETH-29DEC23-2100-C,1,2
2023.08.12,0D20:00:00,BTC-29MAR24,1,1
2023.08.12,0D20:00:00,ETH-29MAR24,1,1
2023.08.12,0D21:00:00,BTC-29DEC23-27000-C,1,3
2023.08.12,0D21:00:00,ETH-29DEC23-2200-C,1,1
2023.08.12,0D21:00:00,BTC-28JUN24,1,2
2023.08.12,0D21:00:00,ETH-28JUN24,1,1
2023.08.12,0D22:00:00,BTC-29MAR24-23000-C,1,3
2023.08.12,0D22:00:00,ETH-29MAR24-3500-C,1,3
2023.08.12,0D22:00:00,BTC-25AUG23,1,3
2023.08.12,0D22:00:00,ETH-25AUG23,1,1
2023.08.12,0D23:00:00,BTC-28JUN24-24000-C,1,1
2023.08.12,0D23:00:00,ETH-28JUN24-1400-P,1,2
2023.08.12,0D23:00:00,BTC-29SEP23,1,2
2023.08.12,0D23:00:00,ETH-29SEP23,1,1
